"Municipal","County","State","Region","Year","Unemployment Rate Avg","No Unemployed Avg","No Employed Avg","No Labor Avg"
NA,"NA County",NA,"United States",1990,4,906,21944,22850
NA,"NA County",NA,"United States",1991,4.6,1000,20738,21738
NA,"NA County",NA,"United States",1992,3.7,806,20825,21631
NA,"NA County",NA,"United States",1993,3,660,21315,21975
NA,"NA County",NA,"United States",1994,2.6,581,21644,22225
NA,"NA County",NA,"United States",1995,2.3,523,21789,22312
NA,"NA County",NA,"United States",1996,2,450,22109,22559
NA,"NA County",NA,"United States",1997,1.8,417,22601,23018
NA,"NA County",NA,"United States",1998,1.7,402,23320,23722
NA,"NA County",NA,"United States",1999,1.6,381,23500,23881
NA,"NA County",NA,"United States",2000,1.9,453,22884,23337
NA,"NA County",NA,"United States",2001,2.2,513,22960,23473
NA,"NA County",NA,"United States",2002,2.7,649,22971,23620
NA,"NA County",NA,"United States",2003,3.3,795,23247,24042
NA,"NA County",NA,"United States",2004,3.3,792,23358,24150
NA,"NA County",NA,"United States",2005,3.4,817,23300,24117
NA,"NA County",NA,"United States",2006,3.3,798,23563,24361
NA,"NA County",NA,"United States",2007,3.1,760,23736,24496
NA,"NA County",NA,"United States",2008,3.8,927,23582,24509
NA,"NA County",NA,"United States",2009,5,1238,23303,24541
NA,"NA County",NA,"United States",2010,5.4,1346,23360,24706
NA,"NA County",NA,"United States",2011,4.8,1196,23516,24712
NA,"NA County",NA,"United States",2012,4.5,1117,23727,24844
NA,"NA County",NA,"United States",1990,9.2,937,9205,10142
NA,"NA County",NA,"United States",1991,13.5,1360,8742,10102
NA,"NA County",NA,"United States",1992,12.9,1284,8693,9977
NA,"NA County",NA,"United States",1993,9.9,976,8874,9850
NA,"NA County",NA,"United States",1994,8.5,813,8804,9617
NA,"NA County",NA,"United States",1995,7.2,672,8647,9319
NA,"NA County",NA,"United States",1996,6.3,573,8569,9142
NA,"NA County",NA,"United States",1997,6.4,593,8701,9294
NA,"NA County",NA,"United States",1998,5.3,492,8763,9255
NA,"NA County",NA,"United States",1999,4.9,446,8731,9177
NA,"NA County",NA,"United States",2000,3,321,10460,10781
NA,"NA County",NA,"United States",2001,4.2,446,10261,10707
NA,"NA County",NA,"United States",2002,5.4,583,10294,10877
NA,"NA County",NA,"United States",2003,6.3,688,10178,10866
NA,"NA County",NA,"United States",2004,6,643,10038,10681
NA,"NA County",NA,"United States",2005,5.6,598,10002,10600
NA,"NA County",NA,"United States",2006,5.6,589,9968,10557
NA,"NA County",NA,"United States",2007,5.7,599,9896,10495
NA,"NA County",NA,"United States",2008,6.7,715,9941,10656
NA,"NA County",NA,"United States",2009,10.4,1120,9614,10734
NA,"NA County",NA,"United States",2010,10.8,1139,9427,10566
NA,"NA County",NA,"United States",2011,9.4,971,9410,10381
NA,"NA County",NA,"United States",2012,8.7,903,9441,10344
NA,"NA County",NA,"United States",1990,7.1,7526,98177,105703
NA,"NA County",NA,"United States",1991,9.9,10516,95388,105904
NA,"NA County",NA,"United States",1992,10.3,10853,94815,105668
NA,"NA County",NA,"United States",1993,8.9,9550,98352,107902
NA,"NA County",NA,"United States",1994,7.9,8615,100723,109338
NA,"NA County",NA,"United States",1995,6.6,7330,102940,110270
NA,"NA County",NA,"United States",1996,5.7,6373,105366,111739
NA,"NA County",NA,"United States",1997,5.4,6126,107632,113758
NA,"NA County",NA,"United States",1998,4.5,5205,109894,115099
NA,"NA County",NA,"United States",1999,3.9,4650,113383,118033
NA,"NA County",NA,"United States",2000,3.2,3988,121133,125121
NA,"NA County",NA,"United States",2001,3.6,4628,122595,127223
NA,"NA County",NA,"United States",2002,4.5,5934,125112,131046
NA,"NA County",NA,"United States",2003,5.1,6836,127730,134566
NA,"NA County",NA,"United States",2004,4.9,6592,129091,135683
NA,"NA County",NA,"United States",2005,4.7,6371,128771,135142
NA,"NA County",NA,"United States",2006,4.8,6457,129143,135600
NA,"NA County",NA,"United States",2007,4.6,6252,128402,134654
NA,"NA County",NA,"United States",2008,5.7,7717,127660,135377
NA,"NA County",NA,"United States",2009,8.3,11204,124237,135441
NA,"NA County",NA,"United States",2010,8.7,11796,123695,135491
NA,"NA County",NA,"United States",2011,7.9,10595,123577,134172
NA,"NA County",NA,"United States",2012,7.1,9645,125650,135295
NA,"NA County",NA,"United States",1990,5.3,77622,1383193,1460815
NA,"NA County",NA,"United States",1991,7.4,106130,1334082,1440212
NA,"NA County",NA,"United States",1992,7.5,107991,1323256,1431247
NA,"NA County",NA,"United States",1993,6.2,87901,1338468,1426369
NA,"NA County",NA,"United States",1994,5.2,75206,1359901,1435107
NA,"NA County",NA,"United States",1995,4.6,67337,1384396,1451733
NA,"NA County",NA,"United States",1996,3.8,55671,1411124,1466795
NA,"NA County",NA,"United States",1997,3.4,50450,1442867,1493317
NA,"NA County",NA,"United States",1998,2.7,41372,1465073,1506445
NA,"NA County",NA,"United States",1999,2.7,40765,1479464,1520229
NA,"NA County",NA,"United States",2000,2.4,36669,1467251,1503920
NA,"NA County",NA,"United States",2001,3.4,51299,1465870,1517169
NA,"NA County",NA,"United States",2002,5,74993,1438923,1513916
NA,"NA County",NA,"United States",2003,5.4,81151,1412958,1494109
NA,"NA County",NA,"United States",2004,4.8,70241,1406190,1476431
NA,"NA County",NA,"United States",2005,4.3,64003,1413553,1477556
NA,"NA County",NA,"United States",2006,4.2,63500,1433097,1496597
NA,"NA County",NA,"United States",2007,3.9,59509,1451617,1511126
NA,"NA County",NA,"United States",2008,4.7,71612,1460175,1531787
NA,"NA County",NA,"United States",2009,7.2,109995,1421519,1531514
NA,"NA County",NA,"United States",2010,7.2,110343,1424563,1534906
NA,"NA County",NA,"United States",2011,6.2,95180,1443769,1538949
NA,"NA County",NA,"United States",2012,5.6,86859,1459579,1546438
NA,"NA County",NA,"United States",1990,5.9,137570,2212947,2350517
NA,"NA County",NA,"United States",1991,8,186312,2133160,2319472
NA,"NA County",NA,"United States",1992,8.3,191622,2119559,2311181
NA,"NA County",NA,"United States",1993,6.8,157199,2147283,2304482
NA,"NA County",NA,"United States",1994,5.7,132675,2185249,2317924
NA,"NA County",NA,"United States",1995,5,116263,2223571,2339834
NA,"NA County",NA,"United States",1996,4.1,97804,2273234,2371038
NA,"NA County",NA,"United States",1997,3.7,88674,2332775,2421449
NA,"NA County",NA,"United States",1998,3.1,74741,2374683,2449424
NA,"NA County",NA,"United States",1999,3,74114,2415208,2489322
NA,"NA County",NA,"United States",2000,2.6,63073,2398503,2461576
NA,"NA County",NA,"United States",2001,3.6,89508,2401266,2490774
NA,"NA County",NA,"United States",2002,5.3,131516,2362303,2493819
NA,"NA County",NA,"United States",2003,5.7,140199,2327684,2467883
NA,"NA County",NA,"United States",2004,5,122039,2323266,2445305
NA,"NA County",NA,"United States",2005,4.5,111080,2340282,2451362
NA,"NA County",NA,"United States",2006,4.4,109357,2369185,2478542
NA,"NA County",NA,"United States",2007,4.1,103296,2394508,2497804
NA,"NA County",NA,"United States",2008,4.9,123525,2402597,2526122
NA,"NA County",NA,"United States",2009,7.6,191132,2338517,2529649
NA,"NA County",NA,"United States",2010,7.6,191585,2343974,2535559
NA,"NA County",NA,"United States",2011,6.6,167089,2371219,2538308
NA,"NA County",NA,"United States",2012,6.1,155041,2395537,2550578
NA,"NA County",NA,"United States",1990,6,169482,2662698,2832180
NA,"NA County",NA,"United States",1991,8.2,229633,2565113,2794746
NA,"NA County",NA,"United States",1992,8.4,232555,2552531,2785086
NA,"NA County",NA,"United States",1993,6.8,189356,2589582,2778938
NA,"NA County",NA,"United States",1994,5.7,158890,2633914,2792804
NA,"NA County",NA,"United States",1995,5,140102,2677357,2817459
NA,"NA County",NA,"United States",1996,4.2,118695,2733530,2852225
NA,"NA County",NA,"United States",1997,3.7,107627,2805429,2913056
NA,"NA County",NA,"United States",1998,3.1,91008,2855530,2946538
NA,"NA County",NA,"United States",1999,3,89871,2898956,2988827
NA,"NA County",NA,"United States",2000,2.6,77009,2899702,2976711
NA,"NA County",NA,"United States",2001,3.6,108673,2904697,3013370
NA,"NA County",NA,"United States",2002,5.3,159145,2865234,3024379
NA,"NA County",NA,"United States",2003,5.7,170616,2831883,3002499
NA,"NA County",NA,"United States",2004,5,149360,2830463,2979823
NA,"NA County",NA,"United States",2005,4.6,136925,2849548,2986473
NA,"NA County",NA,"United States",2006,4.5,134816,2884309,3019125
NA,"NA County",NA,"United States",2007,4.2,128263,2912019,3040282
NA,"NA County",NA,"United States",2008,5,152819,2918342,3071161
NA,"NA County",NA,"United States",2009,7.7,236333,2840706,3077039
NA,"NA County",NA,"United States",2010,7.7,237692,2845407,3083099
NA,"NA County",NA,"United States",2011,6.7,208064,2875698,3083762
NA,"NA County",NA,"United States",2012,6.3,193884,2900493,3094377
NA,"NA County",NA,"United States",1990,8,9261,105913,115174
NA,"NA County",NA,"United States",1991,11.5,13136,100939,114075
NA,"NA County",NA,"United States",1992,11.4,12752,99337,112089
NA,"NA County",NA,"United States",1993,8.8,9958,102778,112736
NA,"NA County",NA,"United States",1994,7.1,8245,108487,116732
NA,"NA County",NA,"United States",1995,6.1,7297,111799,119096
NA,"NA County",NA,"United States",1996,5.6,6653,112806,119459
NA,"NA County",NA,"United States",1997,4.8,5866,116575,122441
NA,"NA County",NA,"United States",1998,3.8,4666,117853,122519
NA,"NA County",NA,"United States",1999,3.6,4499,119924,124423
NA,"NA County",NA,"United States",2000,2.9,3517,119720,123237
NA,"NA County",NA,"United States",2001,3.8,4682,119483,124165
NA,"NA County",NA,"United States",2002,5.3,6594,118595,125189
NA,"NA County",NA,"United States",2003,6,7498,116514,124012
NA,"NA County",NA,"United States",2004,5.7,7043,116526,123569
NA,"NA County",NA,"United States",2005,5.3,6545,116934,123479
NA,"NA County",NA,"United States",2006,5.3,6592,118348,124940
NA,"NA County",NA,"United States",2007,5.1,6388,119127,125515
NA,"NA County",NA,"United States",2008,6,7621,118751,126372
NA,"NA County",NA,"United States",2009,9.1,11586,115827,127413
NA,"NA County",NA,"United States",2010,9.5,12219,116020,128239
NA,"NA County",NA,"United States",2011,8.5,10823,117048,127871
NA,"NA County",NA,"United States",2012,7.6,9752,118085,127837
NA,"NA County","MA","United States",1990,7.1,69,907,976
NA,"NA County","MA","United States",1991,8.7,84,884,968
NA,"NA County","MA","United States",1992,9.9,97,881,978
NA,"NA County","MA","United States",1993,9.3,90,879,969
NA,"NA County","MA","United States",1994,8,77,885,962
NA,"NA County","MA","United States",1995,5.8,57,927,984
NA,"NA County","MA","United States",1996,5.5,54,929,983
NA,"NA County","MA","United States",1997,5.4,54,948,1002
NA,"NA County","MA","United States",1998,4.7,47,963,1010
NA,"NA County","MA","United States",1999,4.3,44,980,1024
NA,"NA County","MA","United States",2000,3,34,1106,1140
NA,"NA County","MA","United States",2001,3.1,36,1113,1149
NA,"NA County","MA","United States",2002,4.5,53,1126,1179
NA,"NA County","MA","United States",2003,5.4,64,1129,1193
NA,"NA County","MA","United States",2004,4.7,55,1115,1170
NA,"NA County","MA","United States",2005,4.2,49,1108,1157
NA,"NA County","MA","United States",2006,4.1,47,1109,1156
NA,"NA County","MA","United States",2007,4.8,55,1092,1147
NA,"NA County","MA","United States",2008,4.8,54,1081,1135
NA,"NA County","MA","United States",2009,7.3,83,1054,1137
NA,"NA County","MA","United States",2010,7.4,82,1030,1112
NA,"NA County","MA","United States",2011,6.7,74,1034,1108
NA,"NA County","MA","United States",2012,6.2,69,1036,1105
NA,"NA County",NA,"United States",1990,5.5,7320,126251,133571
NA,"NA County",NA,"United States",1991,7.4,9843,122331,132174
NA,"NA County",NA,"United States",1992,7.6,9975,121582,131557
NA,"NA County",NA,"United States",1993,5.9,7807,123705,131512
NA,"NA County",NA,"United States",1994,5,6720,126494,133214
NA,"NA County",NA,"United States",1995,4.5,6074,127713,133787
NA,"NA County",NA,"United States",1996,3.6,4847,130712,135559
NA,"NA County",NA,"United States",1997,3.1,4318,134593,138911
NA,"NA County",NA,"United States",1998,2.5,3539,137559,141098
NA,"NA County",NA,"United States",1999,2.6,3716,139680,143396
NA,"NA County",NA,"United States",2000,2.2,3159,139373,142532
NA,"NA County",NA,"United States",2001,3.1,4510,140650,145160
NA,"NA County",NA,"United States",2002,4.9,7103,137990,145093
NA,"NA County",NA,"United States",2003,5.2,7409,135776,143185
NA,"NA County",NA,"United States",2004,4.3,6163,136645,142808
NA,"NA County",NA,"United States",2005,3.9,5549,138549,144098
NA,"NA County",NA,"United States",2006,3.8,5543,139974,145517
NA,"NA County",NA,"United States",2007,3.5,5208,141797,147005
NA,"NA County",NA,"United States",2008,4.2,6294,143161,149455
NA,"NA County",NA,"United States",2009,6.6,9853,138950,148803
NA,"NA County",NA,"United States",2010,6.5,9689,138980,148669
NA,"NA County",NA,"United States",2011,5.5,8216,140107,148323
NA,"NA County",NA,"United States",2012,5.1,7648,141387,149035
NA,"NA County","MA","United States",1990,5.3,715,12843,13558
NA,"NA County","MA","United States",1991,7.8,1047,12422,13469
NA,"NA County","MA","United States",1992,8.4,1136,12371,13507
NA,"NA County","MA","United States",1993,6.9,945,12758,13703
NA,"NA County","MA","United States",1994,6,819,12789,13608
NA,"NA County","MA","United States",1995,5.2,731,13278,14009
NA,"NA County","MA","United States",1996,4.1,578,13549,14127
NA,"NA County","MA","United States",1997,3.7,525,13792,14317
NA,"NA County","MA","United States",1998,2.9,416,13762,14178
NA,"NA County","MA","United States",1999,2.8,392,13733,14125
NA,"NA County","MA","United States",2000,2.3,362,15094,15456
NA,"NA County","MA","United States",2001,2.6,417,15617,16034
NA,"NA County","MA","United States",2002,3.4,572,16065,16637
NA,"NA County","MA","United States",2003,4,664,16082,16746
NA,"NA County","MA","United States",2004,3.7,618,16003,16621
NA,"NA County","MA","United States",2005,3.3,566,16349,16915
NA,"NA County","MA","United States",2006,3.5,606,16481,17087
NA,"NA County","MA","United States",2007,3.5,593,16128,16721
NA,"NA County","MA","United States",2008,4.3,726,16100,16826
NA,"NA County","MA","United States",2009,6.3,1054,15604,16658
NA,"NA County","MA","United States",2010,6.4,1078,15639,16717
NA,"NA County","MA","United States",2011,5.5,918,15727,16645
NA,"NA County","MA","United States",2012,5.1,843,15597,16440
NA,"NA County",NA,"United States",1990,5,1081,20464,21545
NA,"NA County",NA,"United States",1991,7.8,1711,20292,22003
NA,"NA County",NA,"United States",1992,8.1,1737,19690,21427
NA,"NA County",NA,"United States",1993,6.4,1342,19685,21027
NA,"NA County",NA,"United States",1994,5.2,1124,20299,21423
NA,"NA County",NA,"United States",1995,5.1,1103,20724,21827
NA,"NA County",NA,"United States",1996,4.2,903,20795,21698
NA,"NA County",NA,"United States",1997,4,878,21231,22109
NA,"NA County",NA,"United States",1998,3.4,769,21585,22354
NA,"NA County",NA,"United States",1999,3.1,703,21956,22659
NA,"NA County",NA,"United States",2000,2.6,580,21662,22242
NA,"NA County",NA,"United States",2001,3.3,726,21577,22303
NA,"NA County",NA,"United States",2002,4.2,964,21852,22816
NA,"NA County",NA,"United States",2003,4.6,1066,21891,22957
NA,"NA County",NA,"United States",2004,4.5,1007,21532,22539
NA,"NA County",NA,"United States",2005,4.5,1021,21485,22506
NA,"NA County",NA,"United States",2006,4.6,1028,21539,22567
NA,"NA County",NA,"United States",2007,4.4,976,21187,22163
NA,"NA County",NA,"United States",2008,5.3,1174,20960,22134
NA,"NA County",NA,"United States",2009,8,1774,20334,22108
NA,"NA County",NA,"United States",2010,8.1,1800,20430,22230
NA,"NA County",NA,"United States",2011,7,1535,20461,21996
NA,"NA County",NA,"United States",2012,6.5,1431,20517,21948
NA,"NA County",NA,"United States",1990,6.9,7077,95707,102784
NA,"NA County",NA,"United States",1991,8.9,9207,94018,103225
NA,"NA County",NA,"United States",1992,9.1,9571,95315,104886
NA,"NA County",NA,"United States",1993,7.9,8404,97859,106263
NA,"NA County",NA,"United States",1994,6.4,6863,100387,107250
NA,"NA County",NA,"United States",1995,5.4,5768,101152,106920
NA,"NA County",NA,"United States",1996,4.7,5163,104898,110061
NA,"NA County",NA,"United States",1997,4.4,4985,107697,112682
NA,"NA County",NA,"United States",1998,3.8,4417,111568,115985
NA,"NA County",NA,"United States",1999,3.5,4264,117063,121327
NA,"NA County",NA,"United States",2000,2.7,3288,117462,120750
NA,"NA County",NA,"United States",2001,3.9,4782,117411,122193
NA,"NA County",NA,"United States",2002,5.8,7067,114905,121972
NA,"NA County",NA,"United States",2003,5.9,7015,112648,119663
NA,"NA County",NA,"United States",2004,5.3,6256,112332,118588
NA,"NA County",NA,"United States",2005,4.7,5615,113604,119219
NA,"NA County",NA,"United States",2006,4.4,5360,115277,120637
NA,"NA County",NA,"United States",2007,4.3,5191,116075,121266
NA,"NA County",NA,"United States",2008,5.2,6334,115628,121962
NA,"NA County",NA,"United States",2009,7.9,9702,113225,122927
NA,"NA County",NA,"United States",2010,7.7,9559,114572,124131
NA,"NA County",NA,"United States",2011,6.8,8487,115962,124449
NA,"NA County",NA,"United States",2012,6.5,8232,117486,125718
NA,"NA County",NA,"United States",1990,6.5,3979,57550,61529
NA,"NA County",NA,"United States",1991,8.8,5501,56717,62218
NA,"NA County",NA,"United States",1992,8.5,5370,57536,62906
NA,"NA County",NA,"United States",1993,7.5,4779,59041,63820
NA,"NA County",NA,"United States",1994,6.4,4162,60762,64924
NA,"NA County",NA,"United States",1995,5.4,3492,60956,64448
NA,"NA County",NA,"United States",1996,4.4,2937,63185,66122
NA,"NA County",NA,"United States",1997,4.4,2980,64538,67518
NA,"NA County",NA,"United States",1998,3.6,2523,67213,69736
NA,"NA County",NA,"United States",1999,3.4,2438,68898,71336
NA,"NA County",NA,"United States",2000,2.5,1780,70309,72089
NA,"NA County",NA,"United States",2001,3.7,2720,69978,72698
NA,"NA County",NA,"United States",2002,5.7,4090,68087,72177
NA,"NA County",NA,"United States",2003,5.9,4186,66911,71097
NA,"NA County",NA,"United States",2004,5.2,3669,66452,70121
NA,"NA County",NA,"United States",2005,4.8,3369,66985,70354
NA,"NA County",NA,"United States",2006,4.6,3258,67737,70995
NA,"NA County",NA,"United States",2007,4.3,3079,68002,71081
NA,"NA County",NA,"United States",2008,5.3,3789,68052,71841
NA,"NA County",NA,"United States",2009,8.3,5984,66523,72507
NA,"NA County",NA,"United States",2010,8.3,6018,66749,72767
NA,"NA County",NA,"United States",2011,7.1,5188,67604,72792
NA,"NA County",NA,"United States",2012,6.4,4721,68492,73213
NA,"NA County",NA,"United States",1990,9.6,6139,57718,63857
NA,"NA County",NA,"United States",1991,12.2,7724,55604,63328
NA,"NA County",NA,"United States",1992,12.6,7969,55364,63333
NA,"NA County",NA,"United States",1993,12,7598,55614,63212
NA,"NA County",NA,"United States",1994,10.4,6495,56085,62580
NA,"NA County",NA,"United States",1995,8.5,5466,59073,64539
NA,"NA County",NA,"United States",1996,7.9,5184,60696,65880
NA,"NA County",NA,"United States",1997,7.1,4698,61507,66205
NA,"NA County",NA,"United States",1998,6.7,4473,62618,67091
NA,"NA County",NA,"United States",1999,6.1,4294,66051,70345
NA,"NA County",NA,"United States",2000,4.4,2988,64454,67442
NA,"NA County",NA,"United States",2001,6.5,4530,64649,69179
NA,"NA County",NA,"United States",2002,9.4,6639,63918,70557
NA,"NA County",NA,"United States",2003,9.5,6664,63674,70338
NA,"NA County",NA,"United States",2004,8.5,5943,63895,69838
NA,"NA County",NA,"United States",2005,7.6,5295,64245,69540
NA,"NA County",NA,"United States",2006,7.2,4996,64768,69764
NA,"NA County",NA,"United States",2007,6.8,4744,65285,70029
NA,"NA County",NA,"United States",2008,8,5652,64951,70603
NA,"NA County",NA,"United States",2009,12,8640,63132,71772
NA,"NA County",NA,"United States",2010,12.2,8905,64116,73021
NA,"NA County",NA,"United States",2011,11.5,8473,65353,73826
NA,"NA County",NA,"United States",2012,11,8160,66251,74411
NA,"NA County",NA,"United States",1990,10.1,4831,43173,48004
NA,"NA County",NA,"United States",1991,13.1,6305,41772,48077
NA,"NA County",NA,"United States",1992,13,6187,41354,47541
NA,"NA County",NA,"United States",1993,12.2,5773,41372,47145
NA,"NA County",NA,"United States",1994,11.1,5174,41433,46607
NA,"NA County",NA,"United States",1995,9,4380,44176,48556
NA,"NA County",NA,"United States",1996,8.4,4122,45222,49344
NA,"NA County",NA,"United States",1997,7.7,3788,45722,49510
NA,"NA County",NA,"United States",1998,7.1,3560,46502,50062
NA,"NA County",NA,"United States",1999,6.8,3479,47642,51121
NA,"NA County",NA,"United States",2000,4.6,2315,48532,50847
NA,"NA County",NA,"United States",2001,7,3629,48550,52179
NA,"NA County",NA,"United States",2002,10.1,5391,47851,53242
NA,"NA County",NA,"United States",2003,10.2,5442,47741,53183
NA,"NA County",NA,"United States",2004,9.2,4827,47714,52541
NA,"NA County",NA,"United States",2005,8.3,4323,47830,52153
NA,"NA County",NA,"United States",2006,7.9,4143,48046,52189
NA,"NA County",NA,"United States",2007,7.4,3864,48276,52140
NA,"NA County",NA,"United States",2008,8.9,4688,48069,52757
NA,"NA County",NA,"United States",2009,13.4,7219,46760,53979
NA,"NA County",NA,"United States",2010,13.4,7517,48568,56085
NA,"NA County",NA,"United States",2011,12.7,7198,49524,56722
NA,"NA County",NA,"United States",2012,11.8,6737,50204,56941
NA,"NA County",NA,"United States",1990,8.3,5923,65491,71414
NA,"NA County",NA,"United States",1991,10.8,7656,63184,70840
NA,"NA County",NA,"United States",1992,9.5,6729,63812,70541
NA,"NA County",NA,"United States",1993,7.5,5277,64688,69965
NA,"NA County",NA,"United States",1994,6.9,4838,64819,69657
NA,"NA County",NA,"United States",1995,6.4,4512,66003,70515
NA,"NA County",NA,"United States",1996,5.7,4010,65950,69960
NA,"NA County",NA,"United States",1997,5.1,3601,67580,71181
NA,"NA County",NA,"United States",1998,4.1,2889,67510,70399
NA,"NA County",NA,"United States",1999,4.2,2977,67559,70536
NA,"NA County",NA,"United States",2000,3.2,2313,70426,72739
NA,"NA County",NA,"United States",2001,4.4,3222,69703,72925
NA,"NA County",NA,"United States",2002,6.5,4789,69316,74105
NA,"NA County",NA,"United States",2003,7,5208,68871,74079
NA,"NA County",NA,"United States",2004,6.5,4791,68529,73320
NA,"NA County",NA,"United States",2005,6.4,4626,67974,72600
NA,"NA County",NA,"United States",2006,6.1,4425,68560,72985
NA,"NA County",NA,"United States",2007,5.7,4168,68441,72609
NA,"NA County",NA,"United States",2008,6.8,4949,67727,72676
NA,"NA County",NA,"United States",2009,10.4,7634,65728,73362
NA,"NA County",NA,"United States",2010,10.7,7823,65240,73063
NA,"NA County",NA,"United States",2011,9.8,7121,65212,72333
NA,"NA County",NA,"United States",2012,9.1,6495,65165,71660
NA,"NA County",NA,"United States",1990,7.1,10664,138800,149464
NA,"NA County",NA,"United States",1991,9.9,14583,133433,148016
NA,"NA County",NA,"United States",1992,10.6,15674,132468,148142
NA,"NA County",NA,"United States",1993,8.8,12810,132403,145213
NA,"NA County",NA,"United States",1994,7.1,10181,133382,143563
NA,"NA County",NA,"United States",1995,5.8,8346,135976,144322
NA,"NA County",NA,"United States",1996,4.4,6523,140914,147437
NA,"NA County",NA,"United States",1997,4,6167,146928,153095
NA,"NA County",NA,"United States",1998,3.5,5421,150855,156276
NA,"NA County",NA,"United States",1999,3.4,5553,155548,161101
NA,"NA County",NA,"United States",2000,2.7,4012,147079,151091
NA,"NA County",NA,"United States",2001,4.1,6323,147843,154166
NA,"NA County",NA,"United States",2002,6.4,9874,145211,155085
NA,"NA County",NA,"United States",2003,6.7,10300,143064,153364
NA,"NA County",NA,"United States",2004,5.7,8652,142438,151090
NA,"NA County",NA,"United States",2005,5.1,7765,143367,151132
NA,"NA County",NA,"United States",2006,4.8,7352,144703,152055
NA,"NA County",NA,"United States",2007,4.6,7049,145909,152958
NA,"NA County",NA,"United States",2008,5.5,8419,145866,154285
NA,"NA County",NA,"United States",2009,8.7,13542,141736,155278
NA,"NA County",NA,"United States",2010,8.6,13336,142187,155523
NA,"NA County",NA,"United States",2011,7.5,11672,143658,155330
NA,"NA County",NA,"United States",2012,7,10965,145242,156207
NA,"NA County",NA,"United States",1990,7,10062,133377,143439
NA,"NA County",NA,"United States",1991,9.8,13936,128318,142254
NA,"NA County",NA,"United States",1992,10.5,14907,127379,142286
NA,"NA County",NA,"United States",1993,8.7,12118,127268,139386
NA,"NA County",NA,"United States",1994,7,9715,128164,137879
NA,"NA County",NA,"United States",1995,5.7,7947,130464,138411
NA,"NA County",NA,"United States",1996,4.4,6191,135141,141332
NA,"NA County",NA,"United States",1997,4,5866,140815,146681
NA,"NA County",NA,"United States",1998,3.4,5114,144491,149605
NA,"NA County",NA,"United States",1999,3.4,5233,149044,154277
NA,"NA County",NA,"United States",2000,2.6,3780,140988,144768
NA,"NA County",NA,"United States",2001,4.1,6012,141534,147546
NA,"NA County",NA,"United States",2002,6.3,9369,138843,148212
NA,"NA County",NA,"United States",2003,6.7,9820,136686,146506
NA,"NA County",NA,"United States",2004,5.7,8250,135919,144169
NA,"NA County",NA,"United States",2005,5.1,7387,136708,144095
NA,"NA County",NA,"United States",2006,4.8,7008,137996,145004
NA,"NA County",NA,"United States",2007,4.6,6699,139157,145856
NA,"NA County",NA,"United States",2008,5.5,8044,139091,147135
NA,"NA County",NA,"United States",2009,8.7,12942,135039,147981
NA,"NA County",NA,"United States",2010,8.6,12760,135340,148100
NA,"NA County",NA,"United States",2011,7.5,11139,136771,147910
NA,"NA County",NA,"United States",2012,7,10420,138280,148700
NA,"NA County",NA,"United States",1990,5.8,600,9780,10380
NA,"NA County",NA,"United States",1991,8.1,832,9463,10295
NA,"NA County",NA,"United States",1992,7.6,787,9588,10375
NA,"NA County",NA,"United States",1993,6.6,685,9745,10430
NA,"NA County",NA,"United States",1994,5.4,578,10046,10624
NA,"NA County",NA,"United States",1995,5,515,9855,10370
NA,"NA County",NA,"United States",1996,4,426,10212,10638
NA,"NA County",NA,"United States",1997,3.4,370,10648,11018
NA,"NA County",NA,"United States",1998,2.9,329,10978,11307
NA,"NA County",NA,"United States",1999,3,350,11270,11620
NA,"NA County",NA,"United States",2000,2.3,265,11108,11373
NA,"NA County",NA,"United States",2001,3.4,395,11088,11483
NA,"NA County",NA,"United States",2002,5.6,640,10832,11472
NA,"NA County",NA,"United States",2003,5.6,657,11030,11687
NA,"NA County",NA,"United States",2004,4.9,569,11129,11698
NA,"NA County",NA,"United States",2005,4.2,493,11237,11730
NA,"NA County",NA,"United States",2006,4,474,11261,11735
NA,"NA County",NA,"United States",2007,3.8,449,11298,11747
NA,"NA County",NA,"United States",2008,4.4,524,11252,11776
NA,"NA County",NA,"United States",2009,7.3,859,10969,11828
NA,"NA County",NA,"United States",2010,7.7,895,10745,11640
NA,"NA County",NA,"United States",2011,6.4,732,10780,11512
NA,"NA County",NA,"United States",2012,5.8,673,10872,11545
NA,"NA County",NA,"United States",1990,10.3,8533,74145,82678
NA,"NA County",NA,"United States",1991,13.9,11465,71289,82754
NA,"NA County",NA,"United States",1992,13.2,10755,70722,81477
NA,"NA County",NA,"United States",1993,11.4,9278,72251,81529
NA,"NA County",NA,"United States",1994,10.8,8848,73207,82055
NA,"NA County",NA,"United States",1995,10.2,8259,72809,81068
NA,"NA County",NA,"United States",1996,9.2,7283,72235,79518
NA,"NA County",NA,"United States",1997,7.9,6323,74011,80334
NA,"NA County",NA,"United States",1998,6.8,5410,74525,79935
NA,"NA County",NA,"United States",1999,6.1,4916,75134,80050
NA,"NA County",NA,"United States",2000,4.4,3653,78925,82578
NA,"NA County",NA,"United States",2001,5.4,4435,78032,82467
NA,"NA County",NA,"United States",2002,6.9,5791,78673,84464
NA,"NA County",NA,"United States",2003,7.7,6442,77159,83601
NA,"NA County",NA,"United States",2004,7,5867,77694,83561
NA,"NA County",NA,"United States",2005,6.8,5723,78621,84344
NA,"NA County",NA,"United States",2006,6.5,5584,79778,85362
NA,"NA County",NA,"United States",2007,6.4,5454,79402,84856
NA,"NA County",NA,"United States",2008,7.8,6660,78413,85073
NA,"NA County",NA,"United States",2009,11.4,9808,76418,86226
NA,"NA County",NA,"United States",2010,11.9,10320,76251,86571
NA,"NA County",NA,"United States",2011,10.8,9322,77064,86386
NA,"NA County",NA,"United States",2012,10.3,8923,77972,86895
NA,"NA County",NA,"United States",1990,9.3,1738,16904,18642
NA,"NA County",NA,"United States",1991,12.9,2399,16210,18609
NA,"NA County",NA,"United States",1992,11.9,2146,15869,18015
NA,"NA County",NA,"United States",1993,9.4,1687,16293,17980
NA,"NA County",NA,"United States",1994,8,1414,16216,17630
NA,"NA County",NA,"United States",1995,6.5,1102,15982,17084
NA,"NA County",NA,"United States",1996,5.9,1023,16173,17196
NA,"NA County",NA,"United States",1997,5.4,921,16270,17191
NA,"NA County",NA,"United States",1998,4.2,719,16421,17140
NA,"NA County",NA,"United States",1999,4.1,702,16505,17207
NA,"NA County",NA,"United States",2000,3.4,587,16761,17348
NA,"NA County",NA,"United States",2001,4.3,749,16808,17557
NA,"NA County",NA,"United States",2002,5.6,987,16704,17691
NA,"NA County",NA,"United States",2003,6.3,1099,16477,17576
NA,"NA County",NA,"United States",2004,5.9,1019,16335,17354
NA,"NA County",NA,"United States",2005,5.4,926,16357,17283
NA,"NA County",NA,"United States",2006,5.3,926,16458,17384
NA,"NA County",NA,"United States",2007,5.6,968,16442,17410
NA,"NA County",NA,"United States",2008,6.1,1073,16471,17544
NA,"NA County",NA,"United States",2009,9,1592,16182,17774
NA,"NA County",NA,"United States",2010,9.2,1617,15954,17571
NA,"NA County",NA,"United States",2011,8.3,1446,15937,17383
NA,"NA County",NA,"United States",2012,7.6,1296,15727,17023
NA,"NA County",NA,"United States",1990,9.4,1715,16486,18201
NA,"NA County",NA,"United States",1991,13.1,2378,15786,18164
NA,"NA County",NA,"United States",1992,12,2112,15450,17562
NA,"NA County",NA,"United States",1993,9.4,1652,15869,17521
NA,"NA County",NA,"United States",1994,8.1,1397,15790,17187
NA,"NA County",NA,"United States",1995,6.5,1082,15547,16629
NA,"NA County",NA,"United States",1996,5.9,992,15730,16722
NA,"NA County",NA,"United States",1997,5.4,901,15830,16731
NA,"NA County",NA,"United States",1998,4.2,706,15973,16679
NA,"NA County",NA,"United States",1999,4.1,683,16054,16737
NA,"NA County",NA,"United States",2000,3.4,573,16347,16920
NA,"NA County",NA,"United States",2001,4.3,728,16390,17118
NA,"NA County",NA,"United States",2002,5.6,966,16282,17248
NA,"NA County",NA,"United States",2003,6.2,1068,16060,17128
NA,"NA County",NA,"United States",2004,5.9,994,15918,16912
NA,"NA County",NA,"United States",2005,5.4,901,15937,16838
NA,"NA County",NA,"United States",2006,5.3,899,16030,16929
NA,"NA County",NA,"United States",2007,5.5,938,16016,16954
NA,"NA County",NA,"United States",2008,6.1,1043,16046,17089
NA,"NA County",NA,"United States",2009,8.9,1545,15763,17308
NA,"NA County",NA,"United States",2010,9.2,1576,15519,17095
NA,"NA County",NA,"United States",2011,8.4,1415,15503,16918
NA,"NA County",NA,"United States",2012,7.6,1258,15300,16558
NA,"NA County",NA,"United States",1990,6.3,7613,113904,121517
NA,"NA County",NA,"United States",1991,8.6,10375,110059,120434
NA,"NA County",NA,"United States",1992,9.1,10895,108719,119614
NA,"NA County",NA,"United States",1993,6.8,8018,109681,117699
NA,"NA County",NA,"United States",1994,5.9,6915,111149,118064
NA,"NA County",NA,"United States",1995,5.1,6013,112802,118815
NA,"NA County",NA,"United States",1996,4.2,5049,115027,120076
NA,"NA County",NA,"United States",1997,3.8,4690,118302,122992
NA,"NA County",NA,"United States",1998,3.3,4123,120431,124554
NA,"NA County",NA,"United States",1999,3.2,4007,121500,125507
NA,"NA County",NA,"United States",2000,2.6,3310,122413,125723
NA,"NA County",NA,"United States",2001,3.7,4700,123088,127788
NA,"NA County",NA,"United States",2002,5.3,6870,122402,129272
NA,"NA County",NA,"United States",2003,6,7773,121068,128841
NA,"NA County",NA,"United States",2004,5.5,7006,120301,127307
NA,"NA County",NA,"United States",2005,5,6416,120747,127163
NA,"NA County",NA,"United States",2006,4.9,6300,121636,127936
NA,"NA County",NA,"United States",2007,4.5,5783,121596,127379
NA,"NA County",NA,"United States",2008,5.3,6873,121738,128611
NA,"NA County",NA,"United States",2009,8.2,10629,118984,129613
NA,"NA County",NA,"United States",2010,8.1,10503,119486,129989
NA,"NA County",NA,"United States",2011,7,9157,120863,130020
NA,"NA County",NA,"United States",2012,6.7,8752,121793,130545
NA,"NA County",NA,"United States",1990,6.6,2531,35681,38212
NA,"NA County",NA,"United States",1991,10.9,4157,33980,38137
NA,"NA County",NA,"United States",1992,10.9,4081,33496,37577
NA,"NA County",NA,"United States",1993,8.8,3226,33559,36785
NA,"NA County",NA,"United States",1994,8.1,2950,33312,36262
NA,"NA County",NA,"United States",1995,6.7,2374,33141,35515
NA,"NA County",NA,"United States",1996,5.3,1886,33505,35391
NA,"NA County",NA,"United States",1997,5.2,1854,33742,35596
NA,"NA County",NA,"United States",1998,4.3,1512,33822,35334
NA,"NA County",NA,"United States",1999,4.1,1469,34103,35572
NA,"NA County",NA,"United States",2000,3,1135,36673,37808
NA,"NA County",NA,"United States",2001,3.6,1350,36606,37956
NA,"NA County",NA,"United States",2002,4.6,1776,37071,38847
NA,"NA County",NA,"United States",2003,5.1,1968,36838,38806
NA,"NA County",NA,"United States",2004,4.7,1809,36808,38617
NA,"NA County",NA,"United States",2005,4.4,1696,37223,38919
NA,"NA County",NA,"United States",2006,4.2,1672,37806,39478
NA,"NA County",NA,"United States",2007,4.3,1687,37596,39283
NA,"NA County",NA,"United States",2008,5.1,2003,37169,39172
NA,"NA County",NA,"United States",2009,7.8,3066,36081,39147
NA,"NA County",NA,"United States",2010,8.3,3230,35778,39008
NA,"NA County",NA,"United States",2011,7.4,2893,36108,39001
NA,"NA County",NA,"United States",2012,7,2722,35945,38667
NA,"NA County",NA,"United States",1990,7.5,4269,52585,56854
NA,"NA County",NA,"United States",1991,11.6,6556,50190,56746
NA,"NA County",NA,"United States",1992,11.2,6227,49365,55592
NA,"NA County",NA,"United States",1993,9,4913,49852,54765
NA,"NA County",NA,"United States",1994,8.1,4364,49528,53892
NA,"NA County",NA,"United States",1995,6.6,3476,49123,52599
NA,"NA County",NA,"United States",1996,5.5,2908,49678,52586
NA,"NA County",NA,"United States",1997,5.3,2775,50012,52787
NA,"NA County",NA,"United States",1998,4.3,2231,50243,52474
NA,"NA County",NA,"United States",1999,4.1,2171,50608,52779
NA,"NA County",NA,"United States",2000,3.1,1722,53434,55156
NA,"NA County",NA,"United States",2001,3.8,2099,53414,55513
NA,"NA County",NA,"United States",2002,4.9,2763,53775,56538
NA,"NA County",NA,"United States",2003,5.4,3067,53315,56382
NA,"NA County",NA,"United States",2004,5.1,2828,53143,55971
NA,"NA County",NA,"United States",2005,4.7,2622,53580,56202
NA,"NA County",NA,"United States",2006,4.6,2598,54264,56862
NA,"NA County",NA,"United States",2007,4.7,2654,54038,56692
NA,"NA County",NA,"United States",2008,5.4,3076,53639,56715
NA,"NA County",NA,"United States",2009,8.2,4658,52263,56921
NA,"NA County",NA,"United States",2010,8.6,4846,51732,56578
NA,"NA County",NA,"United States",2011,7.7,4339,52045,56384
NA,"NA County",NA,"United States",2012,7.2,4018,51672,55690
NA,"NA County",NA,"United States",1990,9,12535,126860,139395
NA,"NA County",NA,"United States",1991,12.8,17836,121902,139738
NA,"NA County",NA,"United States",1992,12.2,17029,122471,139500
NA,"NA County",NA,"United States",1993,10.8,15046,124830,139876
NA,"NA County",NA,"United States",1994,8.7,12059,126829,138888
NA,"NA County",NA,"United States",1995,8,11125,128164,139289
NA,"NA County",NA,"United States",1996,7.2,10067,129123,139190
NA,"NA County",NA,"United States",1997,6.2,8708,131879,140587
NA,"NA County",NA,"United States",1998,4.6,6453,133789,140242
NA,"NA County",NA,"United States",1999,4.3,6103,135188,141291
NA,"NA County",NA,"United States",2000,3.8,5489,137552,143041
NA,"NA County",NA,"United States",2001,4.9,7009,137025,144034
NA,"NA County",NA,"United States",2002,6.2,9181,138368,147549
NA,"NA County",NA,"United States",2003,6.4,9542,139566,149108
NA,"NA County",NA,"United States",2004,6.2,9288,139876,149164
NA,"NA County",NA,"United States",2005,6,8914,140601,149515
NA,"NA County",NA,"United States",2006,6.1,9203,141879,151082
NA,"NA County",NA,"United States",2007,5.9,8966,141889,150855
NA,"NA County",NA,"United States",2008,7.3,10913,139475,150388
NA,"NA County",NA,"United States",2009,11.4,17232,134250,151482
NA,"NA County",NA,"United States",2010,11.4,17194,133117,150311
NA,"NA County",NA,"United States",2011,10.7,16028,134181,150209
NA,"NA County",NA,"United States",2012,10,14867,134394,149261
NA,"NA County",NA,"United States",1990,6,20293,317603,337896
NA,"NA County",NA,"United States",1991,8.8,29812,307508,337320
NA,"NA County",NA,"United States",1992,8.8,29638,305588,335226
NA,"NA County",NA,"United States",1993,8.1,26701,304261,330962
NA,"NA County",NA,"United States",1994,7.2,23474,304756,328230
NA,"NA County",NA,"United States",1995,6.1,19752,303366,323118
NA,"NA County",NA,"United States",1996,4.9,15872,306171,322043
NA,"NA County",NA,"United States",1997,4.5,14762,312005,326767
NA,"NA County",NA,"United States",1998,3.9,12721,313108,325829
NA,"NA County",NA,"United States",1999,3.6,11792,315066,326858
NA,"NA County",NA,"United States",2000,3,9916,325430,335346
NA,"NA County",NA,"United States",2001,3.7,12658,326721,339379
NA,"NA County",NA,"United States",2002,5.1,17640,325844,343484
NA,"NA County",NA,"United States",2003,6,20568,323712,344280
NA,"NA County",NA,"United States",2004,5.6,19363,324271,343634
NA,"NA County",NA,"United States",2005,5.3,18310,325593,343903
NA,"NA County",NA,"United States",2006,5.3,18350,327858,346208
NA,"NA County",NA,"United States",2007,5.1,17583,327423,345006
NA,"NA County",NA,"United States",2008,5.9,20562,326653,347215
NA,"NA County",NA,"United States",2009,8.7,30205,317825,348030
NA,"NA County",NA,"United States",2010,9.2,32031,316078,348109
NA,"NA County",NA,"United States",2011,8.5,29066,312390,341456
NA,"NA County",NA,"United States",2012,7.9,26806,312100,338906
NA,"NA County",NA,"United States",1990,6.4,18331,269615,287946
NA,"NA County",NA,"United States",1991,9.3,26596,259938,286534
NA,"NA County",NA,"United States",1992,9.1,25849,258987,284836
NA,"NA County",NA,"United States",1993,8.3,23377,258290,281667
NA,"NA County",NA,"United States",1994,7.4,20567,259251,279818
NA,"NA County",NA,"United States",1995,6.2,17170,259609,276779
NA,"NA County",NA,"United States",1996,4.9,13617,262606,276223
NA,"NA County",NA,"United States",1997,4.5,12571,268412,280983
NA,"NA County",NA,"United States",1998,4,11324,269584,280908
NA,"NA County",NA,"United States",1999,3.8,10649,271157,281806
NA,"NA County",NA,"United States",2000,3.1,8906,280715,289621
NA,"NA County",NA,"United States",2001,3.9,11290,281361,292651
NA,"NA County",NA,"United States",2002,5.2,15546,280573,296119
NA,"NA County",NA,"United States",2003,6,17928,278565,296493
NA,"NA County",NA,"United States",2004,5.7,16978,278918,295896
NA,"NA County",NA,"United States",2005,5.4,16005,279804,295809
NA,"NA County",NA,"United States",2006,5.4,16149,281319,297468
NA,"NA County",NA,"United States",2007,5.2,15317,280579,295896
NA,"NA County",NA,"United States",2008,6,17817,279734,297551
NA,"NA County",NA,"United States",2009,8.8,26116,271535,297651
NA,"NA County",NA,"United States",2010,9.2,27383,269339,296722
NA,"NA County",NA,"United States",2011,8.5,24753,266510,291263
NA,"NA County",NA,"United States",2012,7.9,22815,266670,289485
NA,"NA County",NA,"United States",1990,5.8,22280,360011,382291
NA,"NA County",NA,"United States",1991,8.5,32523,348538,381061
NA,"NA County",NA,"United States",1992,8.5,32181,346103,378284
NA,"NA County",NA,"United States",1993,7.7,28703,345261,373964
NA,"NA County",NA,"United States",1994,6.8,25179,346699,371878
NA,"NA County",NA,"United States",1995,5.8,21378,345879,367257
NA,"NA County",NA,"United States",1996,4.7,17225,349074,366299
NA,"NA County",NA,"United States",1997,4.3,16056,355837,371893
NA,"NA County",NA,"United States",1998,3.7,13892,358013,371905
NA,"NA County",NA,"United States",1999,3.4,12876,360522,373398
NA,"NA County",NA,"United States",2000,2.9,10948,369976,380924
NA,"NA County",NA,"United States",2001,3.6,13897,371258,385155
NA,"NA County",NA,"United States",2002,4.9,19252,370667,389919
NA,"NA County",NA,"United States",2003,5.7,22430,368849,391279
NA,"NA County",NA,"United States",2004,5.4,21161,369160,390321
NA,"NA County",NA,"United States",2005,5.2,20148,370377,390525
NA,"NA County",NA,"United States",2006,5.1,20176,372959,393135
NA,"NA County",NA,"United States",2007,4.9,19319,372345,391664
NA,"NA County",NA,"United States",2008,5.8,22662,371195,393857
NA,"NA County",NA,"United States",2009,8.4,33216,361462,394678
NA,"NA County",NA,"United States",2010,8.9,35178,359869,395047
NA,"NA County",NA,"United States",2011,8.2,31797,356367,388164
NA,"NA County",NA,"United States",2012,7.6,29353,356344,385697
NA,"NA County",NA,"United States",1990,7.6,3787,46315,50102
NA,"NA County",NA,"United States",1991,9.9,4972,45312,50284
NA,"NA County",NA,"United States",1992,10.1,5114,45634,50748
NA,"NA County",NA,"United States",1993,8,4084,46910,50994
NA,"NA County",NA,"United States",1994,7,3648,48663,52311
NA,"NA County",NA,"United States",1995,6.2,3238,48679,51917
NA,"NA County",NA,"United States",1996,5.3,2809,49713,52522
NA,"NA County",NA,"United States",1997,4.7,2526,51305,53831
NA,"NA County",NA,"United States",1998,3.6,1936,52388,54324
NA,"NA County",NA,"United States",1999,3.4,1861,53374,55235
NA,"NA County",NA,"United States",2000,2.7,1586,57329,58915
NA,"NA County",NA,"United States",2001,3.6,2140,57663,59803
NA,"NA County",NA,"United States",2002,5,3019,57879,60898
NA,"NA County",NA,"United States",2003,5.5,3392,58077,61469
NA,"NA County",NA,"United States",2004,5.2,3217,58234,61451
NA,"NA County",NA,"United States",2005,4.9,3025,59266,62291
NA,"NA County",NA,"United States",2006,5,3130,60077,63207
NA,"NA County",NA,"United States",2007,4.7,3001,60432,63433
NA,"NA County",NA,"United States",2008,5.8,3720,60212,63932
NA,"NA County",NA,"United States",2009,8.9,5647,58153,63800
NA,"NA County",NA,"United States",2010,9,5691,57801,63492
NA,"NA County",NA,"United States",2011,7.8,4975,58422,63397
NA,"NA County",NA,"United States",2012,7.2,4497,58247,62744
NA,"NA County","MA","United States",1990,5.1,382,7060,7442
NA,"NA County","MA","United States",1991,7.2,561,7205,7766
NA,"NA County","MA","United States",1992,8,595,6842,7437
NA,"NA County","MA","United States",1993,7.6,580,7097,7677
NA,"NA County","MA","United States",1994,6.8,564,7684,8248
NA,"NA County","MA","United States",1995,5.7,495,8128,8623
NA,"NA County","MA","United States",1996,5.4,485,8493,8978
NA,"NA County","MA","United States",1997,5.1,467,8726,9193
NA,"NA County","MA","United States",1998,4.1,381,8918,9299
NA,"NA County","MA","United States",1999,3.9,370,9075,9445
NA,"NA County","MA","United States",2000,2.8,279,9759,10038
NA,"NA County","MA","United States",2001,2.9,296,9820,10116
NA,"NA County","MA","United States",2002,3.8,406,10193,10599
NA,"NA County","MA","United States",2003,4.2,468,10573,11041
NA,"NA County","MA","United States",2004,4,449,10652,11101
NA,"NA County","MA","United States",2005,3.9,429,10509,10938
NA,"NA County","MA","United States",2006,3.9,428,10604,11032
NA,"NA County","MA","United States",2007,3.5,391,10718,11109
NA,"NA County","MA","United States",2008,4.2,465,10724,11189
NA,"NA County","MA","United States",2009,6.4,725,10571,11296
NA,"NA County","MA","United States",2010,7.6,873,10641,11514
NA,"NA County","MA","United States",2011,7.3,840,10723,11563
NA,"NA County","MA","United States",2012,6.9,803,10830,11633
NA,"NA County",NA,"United States",1990,6.7,17470,243503,260973
NA,"NA County",NA,"United States",1991,9.5,24700,235193,259893
NA,"NA County",NA,"United States",1992,9,23435,236100,259535
NA,"NA County",NA,"United States",1993,7,18382,242383,260765
NA,"NA County",NA,"United States",1994,5.5,14251,247044,261295
NA,"NA County",NA,"United States",1995,5.1,13145,245578,258723
NA,"NA County",NA,"United States",1996,4.3,11288,249807,261095
NA,"NA County",NA,"United States",1997,3.8,10206,256426,266632
NA,"NA County",NA,"United States",1998,3.3,8952,262026,270978
NA,"NA County",NA,"United States",1999,3.2,8798,262408,271206
NA,"NA County",NA,"United States",2000,2.7,7499,272178,279677
NA,"NA County",NA,"United States",2001,3.7,10520,273235,283755
NA,"NA County",NA,"United States",2002,5.4,15470,272646,288116
NA,"NA County",NA,"United States",2003,6,17406,272836,290242
NA,"NA County",NA,"United States",2004,5.4,15716,273601,289317
NA,"NA County",NA,"United States",2005,5,14548,274465,289013
NA,"NA County",NA,"United States",2006,4.9,14428,277641,292069
NA,"NA County",NA,"United States",2007,4.8,14152,278201,292353
NA,"NA County",NA,"United States",2008,5.7,16764,277224,293988
NA,"NA County",NA,"United States",2009,8.7,25695,269631,295326
NA,"NA County",NA,"United States",2010,8.9,26208,269465,295673
NA,"NA County",NA,"United States",2011,7.8,23136,271632,294768
NA,"NA County",NA,"United States",2012,7.4,21597,271396,292993
NA,"NA County",NA,"United States",1990,6.7,16519,231807,248326
NA,"NA County",NA,"United States",1991,9.5,23579,223510,247089
NA,"NA County",NA,"United States",1992,9,22267,224204,246471
NA,"NA County",NA,"United States",1993,7,17451,230579,248030
NA,"NA County",NA,"United States",1994,5.4,13487,235036,248523
NA,"NA County",NA,"United States",1995,5,12397,233229,245626
NA,"NA County",NA,"United States",1996,4.2,10509,237379,247888
NA,"NA County",NA,"United States",1997,3.7,9472,244206,253678
NA,"NA County",NA,"United States",1998,3.3,8457,249548,258005
NA,"NA County",NA,"United States",1999,3.3,8445,249710,258155
NA,"NA County",NA,"United States",2000,2.7,7186,258708,265894
NA,"NA County",NA,"United States",2001,3.7,10117,259722,269839
NA,"NA County",NA,"United States",2002,5.4,14883,259115,273998
NA,"NA County",NA,"United States",2003,6,16599,259211,275810
NA,"NA County",NA,"United States",2004,5.5,15002,259779,274781
NA,"NA County",NA,"United States",2005,5,13834,260504,274338
NA,"NA County",NA,"United States",2006,5,13721,263415,277136
NA,"NA County",NA,"United States",2007,4.8,13399,263873,277272
NA,"NA County",NA,"United States",2008,5.7,15842,262838,278680
NA,"NA County",NA,"United States",2009,8.7,24356,255449,279805
NA,"NA County",NA,"United States",2010,8.8,24638,255291,279929
NA,"NA County",NA,"United States",2011,7.8,21786,257534,279320
NA,"NA County",NA,"United States",2012,7.3,20328,257448,277776
