"","Municipal","County","State","Region"," Five_Year_Range"," Estimate; VETERAN STATUS - Civilian population 18 years and over"," Estimate; VETERAN STATUS - Civilian veterans"," Percent; VETERAN STATUS - Civilian veterans"," Percent Margin of Error; VETERAN STATUS - Civilian veterans"
"1",NA,"NA County",NA,"United States","2006-2010","228808831","22652496","9.9","0.1"
"2",NA,"NA County","MA","MA","2006-2010","5039038","425979","8.5","0.1"
"3",NA,"Barnstable County","MA","Barnstable County","2006-2010","177640","25566","14.4","0.4"
"4",NA,"Berkshire County","MA","Berkshire County","2006-2010","105100","11713","11.1","0.5"
"5",NA,"Bristol County","MA","Bristol County","2006-2010","421000","37276","8.9","0.3"
"6",NA,"Dukes County","MA","Dukes County","2006-2010","13005","1343","10.3","1.6"
"7",NA,"Essex County","MA","Essex County","2006-2010","561417","47802","8.5","0.2"
"8",NA,"Franklin County","MA","Franklin County","2006-2010","56982","6672","11.7","0.7"
"9",NA,"Hampden County","MA","Hampden County","2006-2010","350495","35687","10.2","0.3"
"10",NA,"Hampshire County","MA","Hampshire County","2006-2010","129806","10935","8.4","0.4"
"11",NA,"Middlesex County","MA","Middlesex County","2006-2010","1158304","83499","7.2","0.1"
"12",NA,"Nantucket County","MA","Nantucket County","2006-2010","7951","599","7.5","1.7"
"13",NA,"Norfolk County","MA","Norfolk County","2006-2010","509712","41798","8.2","0.2"
"14",NA,"Plymouth County","MA","Plymouth County","2006-2010","368950","38895","10.5","0.3"
"15",NA,"Suffolk County","MA","Suffolk County","2006-2010","577307","25698","4.5","0.2"
"16",NA,"Worcester County","MA","Worcester County","2006-2010","601369","58496","9.7","0.2"
"17","Barnstable","Barnstable County","MA","Barnstable","2006-2010","36976","4794","13","1"
"18","Bourne","Barnstable County","MA","Bourne","2006-2010","15199","2095","13.8","1.6"
"19","Brewster","Barnstable County","MA","Brewster","2006-2010","8195","1152","14.1","2.3"
"20","Chatham","Barnstable County","MA","Chatham","2006-2010","5383","875","16.3","2.4"
"21","Dennis","Barnstable County","MA","Dennis","2006-2010","11937","1839","15.4","2"
"22","Eastham","Barnstable County","MA","Eastham","2006-2010","4530","758","16.7","3.6"
"23","Falmouth","Barnstable County","MA","Falmouth","2006-2010","26452","4139","15.6","1.4"
"24","Harwich","Barnstable County","MA","Harwich","2006-2010","10187","1526","15","1.9"
"25","Mashpee","Barnstable County","MA","Mashpee","2006-2010","11162","1722","15.4","2.2"
"26","Orleans","Barnstable County","MA","Orleans","2006-2010","5339","984","18.4","3.4"
"27","Provincetown","Barnstable County","MA","Provincetown","2006-2010","2893","263","9.1","3.3"
"28","Sandwich","Barnstable County","MA","Sandwich","2006-2010","15096","1857","12.3","1.7"
"29","Truro","Barnstable County","MA","Truro","2006-2010","1547","289","18.7","5"
"30","Wellfleet","Barnstable County","MA","Wellfleet","2006-2010","2747","370","13.5","4"
"31","Yarmouth","Barnstable County","MA","Yarmouth","2006-2010","19997","2903","14.5","1.5"
"32","Adams","Berkshire County","MA","Adams","2006-2010","6603","818","12.4","2.1"
"33","Alford","Berkshire County","MA","Alford","2006-2010","381","58","15.2","4"
"34","Becket","Berkshire County","MA","Becket","2006-2010","1315","122","9.3","3.8"
"35","Cheshire","Berkshire County","MA","Cheshire","2006-2010","2651","280","10.6","3"
"36","Clarksburg","Berkshire County","MA","Clarksburg","2006-2010","1470","206","14","2.8"
"37","Dalton","Berkshire County","MA","Dalton","2006-2010","5177","618","11.9","2.5"
"38","Egremont","Berkshire County","MA","Egremont","2006-2010","1070","139","13","3.1"
"39","Florida","Berkshire County","MA","Florida","2006-2010","605","110","18.2","5.8"
"40","Great Barrington","Berkshire County","MA","Great Barrington","2006-2010","5820","621","10.7","2.6"
"41","Hancock","Berkshire County","MA","Hancock","2006-2010","503","76","15.1","5.2"
"42","Hinsdale","Berkshire County","MA","Hinsdale","2006-2010","1744","282","16.2","3.7"
"43","Lanesborough","Berkshire County","MA","Lanesborough","2006-2010","2442","324","13.3","4.8"
"44","Lee","Berkshire County","MA","Lee","2006-2010","4759","550","11.6","2.8"
"45","Lenox","Berkshire County","MA","Lenox","2006-2010","3740","432","11.6","3.7"
"46","Monterey","Berkshire County","MA","Monterey","2006-2010","655","100","15.3","7.4"
"47","Mount Washington","Berkshire County","MA","Mount Washington","2006-2010","112","4","3.6","4.7"
"48","New Ashford","Berkshire County","MA","New Ashford","2006-2010","202","24","11.9","6.4"
"49","New Marlborough","Berkshire County","MA","New Marlborough","2006-2010","1269","121","9.5","2.9"
"50","North Adams","Berkshire County","MA","North Adams","2006-2010","11494","1056","9.2","1.7"
"51","Otis","Berkshire County","MA","Otis","2006-2010","1051","140","13.3","4"
"52","Peru","Berkshire County","MA","Peru","2006-2010","658","66","10","3.8"
"53","Pittsfield","Berkshire County","MA","Pittsfield","2006-2010","35287","3726","10.6","0.9"
"54","Richmond","Berkshire County","MA","Richmond","2006-2010","1435","223","15.5","2.7"
"55","Sandisfield","Berkshire County","MA","Sandisfield","2006-2010","650","46","7.1","2.9"
"56","Savoy","Berkshire County","MA","Savoy","2006-2010","614","77","12.5","3.6"
"57","Sheffield","Berkshire County","MA","Sheffield","2006-2010","2621","321","12.2","4.3"
"58","Stockbridge","Berkshire County","MA","Stockbridge","2006-2010","1343","134","10","3.7"
"59","Tyringham","Berkshire County","MA","Tyringham","2006-2010","371","34","9.2","4.1"
"60","Washington","Berkshire County","MA","Washington","2006-2010","490","76","15.5","5.8"
"61","West Stockbridge","Berkshire County","MA","West Stockbridge","2006-2010","1232","119","9.7","3.1"
"62","Williamstown","Berkshire County","MA","Williamstown","2006-2010","6559","721","11","2.3"
"63","Windsor","Berkshire County","MA","Windsor","2006-2010","777","89","11.5","4.2"
"64","Acushnet","Bristol County","MA","Acushnet","2006-2010","8113","825","10.2","2.2"
"65","Attleboro","Bristol County","MA","Attleboro","2006-2010","33233","3067","9.2","1.1"
"66","Berkley","Bristol County","MA","Berkley","2006-2010","4635","407","8.8","2"
"67","Dartmouth","Bristol County","MA","Dartmouth","2006-2010","27512","2441","8.9","1.2"
"68","Dighton","Bristol County","MA","Dighton","2006-2010","5420","603","11.1","3.5"
"69","Easton","Bristol County","MA","Easton","2006-2010","18235","1290","7.1","1.2"
"70","Fairhaven","Bristol County","MA","Fairhaven","2006-2010","12989","1569","12.1","1.7"
"71","Fall River","Bristol County","MA","Fall River","2006-2010","69979","5376","7.7","0.6"
"72","Freetown","Bristol County","MA","Freetown","2006-2010","6865","715","10.4","2.1"
"73","Mansfield","Bristol County","MA","Mansfield","2006-2010","16123","1153","7.2","1.3"
"74","New Bedford","Bristol County","MA","New Bedford","2006-2010","70744","5331","7.5","0.6"
"75","North Attleborough","Bristol County","MA","North Attleborough","2006-2010","20868","2460","11.8","1.7"
"76","Norton","Bristol County","MA","Norton","2006-2010","14374","1073","7.5","1.7"
"77","Raynham","Bristol County","MA","Raynham","2006-2010","9541","1055","11.1","1.9"
"78","Rehoboth","Bristol County","MA","Rehoboth","2006-2010","8696","847","9.7","2"
"79","Seekonk","Bristol County","MA","Seekonk","2006-2010","10339","896","8.7","1.5"
"80","Somerset","Bristol County","MA","Somerset","2006-2010","14650","1491","10.2","1.5"
"81","Swansea","Bristol County","MA","Swansea","2006-2010","12954","1613","12.5","1.7"
"82","Taunton","Bristol County","MA","Taunton","2006-2010","43383","3735","8.6","0.8"
"83","Westport","Bristol County","MA","Westport","2006-2010","12347","1329","10.8","1.7"
"84","Aquinnah","Dukes County","MA","Aquinnah","2006-2010","326","3","0.9","2"
"85","Chilmark","Dukes County","MA","Chilmark","2006-2010","715","93","13","5.5"
"86","Edgartown","Dukes County","MA","Edgartown","2006-2010","3387","358","10.6","3.8"
"87","Gosnold","Dukes County","MA","Gosnold","2006-2010","191","37","19.4","8.5"
"88","Oak Bluffs","Dukes County","MA","Oak Bluffs","2006-2010","3377","396","11.7","3.5"
"89","Tisbury","Dukes County","MA","Tisbury","2006-2010","3199","333","10.4","3.5"
"90","West Tisbury","Dukes County","MA","West Tisbury","2006-2010","1810","123","6.8","2.8"
"91","Amesbury","Essex County","MA","Amesbury","2006-2010","12453","1216","9.8","1.5"
"92","Andover","Essex County","MA","Andover","2006-2010","23841","1841","7.7","0.9"
"93","Beverly","Essex County","MA","Beverly","2006-2010","31676","3162","10","1"
"94","Boxford","Essex County","MA","Boxford","2006-2010","5430","502","9.2","2.4"
"95","Danvers","Essex County","MA","Danvers","2006-2010","20823","2155","10.3","1.5"
"96","Essex","Essex County","MA","Essex","2006-2010","2669","300","11.2","4.2"
"97","Georgetown","Essex County","MA","Georgetown","2006-2010","5682","545","9.6","1.9"
"98","Gloucester","Essex County","MA","Gloucester","2006-2010","23520","2340","9.9","1.1"
"99","Groveland","Essex County","MA","Groveland","2006-2010","4526","428","9.5","3"
"100","Hamilton","Essex County","MA","Hamilton","2006-2010","5766","614","10.6","2.4"
"101","Haverhill","Essex County","MA","Haverhill","2006-2010","45431","4099","9","0.8"
"102","Ipswich","Essex County","MA","Ipswich","2006-2010","10354","1015","9.8","1.8"
"103","Lawrence","Essex County","MA","Lawrence","2006-2010","52957","2075","3.9","0.5"
"104","Lynn","Essex County","MA","Lynn","2006-2010","67834","4650","6.9","0.6"
"105","Lynnfield","Essex County","MA","Lynnfield","2006-2010","8704","835","9.6","1.7"
"106","Manchester-by-the-Sea","Essex County","MA","Manchester-by-the-Sea","2006-2010","3854","381","9.9","2.8"
"107","Marblehead","Essex County","MA","Marblehead","2006-2010","14792","1390","9.4","1.2"
"108","Merrimac","Essex County","MA","Merrimac","2006-2010","4749","518","10.9","2.9"
"109","Methuen","Essex County","MA","Methuen","2006-2010","34776","3038","8.7","1"
"110","Middleton","Essex County","MA","Middleton","2006-2010","6792","443","6.5","1.9"
"111","Nahant","Essex County","MA","Nahant","2006-2010","2806","297","10.6","2.8"
"112","Newbury","Essex County","MA","Newbury","2006-2010","5104","477","9.3","2.6"
"113","Newburyport","Essex County","MA","Newburyport","2006-2010","13670","1416","10.4","1.6"
"114","North Andover","Essex County","MA","North Andover","2006-2010","20672","1576","7.6","1"
"115","Peabody","Essex County","MA","Peabody","2006-2010","40241","4186","10.4","0.9"
"116","Rockport","Essex County","MA","Rockport","2006-2010","5695","689","12.1","2.5"
"117","Rowley","Essex County","MA","Rowley","2006-2010","4295","399","9.3","3"
"118","Salem","Essex County","MA","Salem","2006-2010","32809","2936","8.9","1.2"
"119","Salisbury","Essex County","MA","Salisbury","2006-2010","6635","816","12.3","2.4"
"120","Saugus","Essex County","MA","Saugus","2006-2010","20921","1779","8.5","1.1"
"121","Swampscott","Essex County","MA","Swampscott","2006-2010","10772","934","8.7","1.6"
"122","Topsfield","Essex County","MA","Topsfield","2006-2010","4350","317","7.3","2.3"
"123","Wenham","Essex County","MA","Wenham","2006-2010","3776","214","5.7","1.7"
"124","West Newbury","Essex County","MA","West Newbury","2006-2010","3042","219","7.2","2"
"125","Ashfield","Franklin County","MA","Ashfield","2006-2010","1352","124","9.2","2.9"
"126","Bernardston","Franklin County","MA","Bernardston","2006-2010","1780","281","15.8","3.8"
"127","Buckland","Franklin County","MA","Buckland","2006-2010","1652","127","7.7","2.9"
"128","Charlemont","Franklin County","MA","Charlemont","2006-2010","1014","144","14.2","3.2"
"129","Colrain","Franklin County","MA","Colrain","2006-2010","1420","216","15.2","2.9"
"130","Conway","Franklin County","MA","Conway","2006-2010","1494","144","9.6","2.1"
"131","Deerfield","Franklin County","MA","Deerfield","2006-2010","3982","438","11","3.4"
"132","Erving","Franklin County","MA","Erving","2006-2010","1372","188","13.7","2.7"
"133","Gill","Franklin County","MA","Gill","2006-2010","1154","157","13.6","3.5"
"134","Greenfield","Franklin County","MA","Greenfield","2006-2010","13925","1519","10.9","1.4"
"135","Hawley","Franklin County","MA","Hawley","2006-2010","306","52","17","5.1"
"136","Heath","Franklin County","MA","Heath","2006-2010","369","42","11.4","5.2"
"137","Leverett","Franklin County","MA","Leverett","2006-2010","1504","102","6.8","2.1"
"138","Leyden","Franklin County","MA","Leyden","2006-2010","552","62","11.2","4.4"
"139","Monroe","Franklin County","MA","Monroe","2006-2010","100","2","2","3.2"
"140","Montague","Franklin County","MA","Montague","2006-2010","6729","895","13.3","2.3"
"141","New Salem","Franklin County","MA","New Salem","2006-2010","753","95","12.6","3.3"
"142","Northfield","Franklin County","MA","Northfield","2006-2010","2396","274","11.4","2.4"
"143","Orange","Franklin County","MA","Orange","2006-2010","6015","958","15.9","3"
"144","Rowe","Franklin County","MA","Rowe","2006-2010","338","66","19.5","5"
"145","Shelburne","Franklin County","MA","Shelburne","2006-2010","1659","174","10.5","3.4"
"146","Shutesbury","Franklin County","MA","Shutesbury","2006-2010","1453","106","7.3","2"
"147","Sunderland","Franklin County","MA","Sunderland","2006-2010","3057","192","6.3","2.8"
"148","Warwick","Franklin County","MA","Warwick","2006-2010","454","79","17.4","5.8"
"149","Wendell","Franklin County","MA","Wendell","2006-2010","822","63","7.7","2.5"
"150","Whately","Franklin County","MA","Whately","2006-2010","1330","172","12.9","3.5"
"151","Agawam","Hampden County","MA","Agawam","2006-2010","22419","2957","13.2","1.5"
"152","Blandford","Hampden County","MA","Blandford","2006-2010","931","122","13.1","3.3"
"153","Brimfield","Hampden County","MA","Brimfield","2006-2010","2695","545","20.2","5.6"
"154","Chester","Hampden County","MA","Chester","2006-2010","1017","172","16.9","3.2"
"155","Chicopee","Hampden County","MA","Chicopee","2006-2010","43145","4954","11.5","1"
"156","East Longmeadow","Hampden County","MA","East Longmeadow","2006-2010","11790","1367","11.6","1.6"
"157","Granville","Hampden County","MA","Granville","2006-2010","1184","145","12.2","2.6"
"158","Hampden","Hampden County","MA","Hampden","2006-2010","4129","458","11.1","2.7"
"159","Holland","Hampden County","MA","Holland","2006-2010","2055","303","14.7","3.1"
"160","Holyoke","Hampden County","MA","Holyoke","2006-2010","29244","2931","10","1.1"
"161","Longmeadow","Hampden County","MA","Longmeadow","2006-2010","11608","1129","9.7","1.6"
"162","Ludlow","Hampden County","MA","Ludlow","2006-2010","17092","1605","9.4","1.2"
"163","Monson","Hampden County","MA","Monson","2006-2010","6640","799","12","3.1"
"164","Montgomery","Hampden County","MA","Montgomery","2006-2010","612","96","15.7","4.5"
"165","Palmer","Hampden County","MA","Palmer","2006-2010","9603","1331","13.9","2"
"166","Russell","Hampden County","MA","Russell","2006-2010","1281","154","12","3.6"
"167","Southwick","Hampden County","MA","Southwick","2006-2010","7166","964","13.5","2.3"
"168","Springfield","Hampden County","MA","Springfield","2006-2010","111498","8574","7.7","0.5"
"169","Tolland","Hampden County","MA","Tolland","2006-2010","388","61","15.7","6.9"
"170","Wales","Hampden County","MA","Wales","2006-2010","1524","231","15.2","3.5"
"171","Westfield","Hampden County","MA","Westfield","2006-2010","31633","3153","10","1.1"
"172","West Springfield","Hampden County","MA","West Springfield","2006-2010","22016","2520","11.4","1.6"
"173","Wilbraham","Hampden County","MA","Wilbraham","2006-2010","10825","1116","10.3","2"
"174","Amherst","Hampshire County","MA","Amherst","2006-2010","33817","917","2.7","0.6"
"175","Belchertown","Hampshire County","MA","Belchertown","2006-2010","10627","1038","9.8","1.7"
"176","Chesterfield","Hampshire County","MA","Chesterfield","2006-2010","843","132","15.7","3.7"
"177","Cummington","Hampshire County","MA","Cummington","2006-2010","784","70","8.9","2.9"
"178","Easthampton","Hampshire County","MA","Easthampton","2006-2010","13001","1377","10.6","1.8"
"179","Goshen","Hampshire County","MA","Goshen","2006-2010","832","67","8.1","3.7"
"180","Granby","Hampshire County","MA","Granby","2006-2010","4859","574","11.8","2.7"
"181","Hadley","Hampshire County","MA","Hadley","2006-2010","4230","482","11.4","2.6"
"182","Hatfield","Hampshire County","MA","Hatfield","2006-2010","2718","289","10.6","3.3"
"183","Huntington","Hampshire County","MA","Huntington","2006-2010","1619","200","12.4","3.1"
"184","Middlefield","Hampshire County","MA","Middlefield","2006-2010","334","67","20.1","7.2"
"185","Northampton","Hampshire County","MA","Northampton","2006-2010","23638","1868","7.9","1"
"186","Pelham","Hampshire County","MA","Pelham","2006-2010","998","84","8.4","2.4"
"187","Plainfield","Hampshire County","MA","Plainfield","2006-2010","516","62","12","3.8"
"188","Southampton","Hampshire County","MA","Southampton","2006-2010","4451","500","11.2","3.3"
"189","South Hadley","Hampshire County","MA","South Hadley","2006-2010","14469","1767","12.2","1.6"
"190","Ware","Hampshire County","MA","Ware","2006-2010","7721","939","12.2","2.6"
"191","Westhampton","Hampshire County","MA","Westhampton","2006-2010","1233","139","11.3","2.7"
"192","Williamsburg","Hampshire County","MA","Williamsburg","2006-2010","2157","236","10.9","2.7"
"193","Worthington","Hampshire County","MA","Worthington","2006-2010","959","127","13.2","3"
"194","Acton","Middlesex County","MA","Acton","2006-2010","14948","900","6","1.1"
"195","Arlington","Middlesex County","MA","Arlington","2006-2010","33848","2071","6.1","0.9"
"196","Ashby","Middlesex County","MA","Ashby","2006-2010","2202","189","8.6","2.3"
"197","Ashland","Middlesex County","MA","Ashland","2006-2010","11859","952","8","1.4"
"198","Ayer","Middlesex County","MA","Ayer","2006-2010","5782","746","12.9","4.1"
"199","Bedford","Middlesex County","MA","Bedford","2006-2010","9820","1412","14.4","2.1"
"200","Belmont","Middlesex County","MA","Belmont","2006-2010","18625","1089","5.8","0.9"
"201","Billerica","Middlesex County","MA","Billerica","2006-2010","29581","2642","8.9","1.1"
"202","Boxborough","Middlesex County","MA","Boxborough","2006-2010","3611","234","6.5","2"
"203","Burlington","Middlesex County","MA","Burlington","2006-2010","18549","1749","9.4","1.2"
"204","Cambridge","Middlesex County","MA","Cambridge","2006-2010","89363","2883","3.2","0.4"
"205","Carlisle","Middlesex County","MA","Carlisle","2006-2010","3289","231","7","2.2"
"206","Chelmsford","Middlesex County","MA","Chelmsford","2006-2010","25454","2764","10.9","1.1"
"207","Concord","Middlesex County","MA","Concord","2006-2010","13331","1217","9.1","1.4"
"208","Dracut","Middlesex County","MA","Dracut","2006-2010","22349","2170","9.7","1.2"
"209","Dunstable","Middlesex County","MA","Dunstable","2006-2010","2170","123","5.7","2"
"210","Everett","Middlesex County","MA","Everett","2006-2010","31928","2083","6.5","1.1"
"211","Framingham","Middlesex County","MA","Framingham","2006-2010","53285","3218","6","0.7"
"212","Groton","Middlesex County","MA","Groton","2006-2010","7153","544","7.6","2.1"
"213","Holliston","Middlesex County","MA","Holliston","2006-2010","9806","899","9.2","1.7"
"214","Hopkinton","Middlesex County","MA","Hopkinton","2006-2010","9589","794","8.3","1.2"
"215","Hudson","Middlesex County","MA","Hudson","2006-2010","14398","1217","8.5","1.2"
"216","Lexington","Middlesex County","MA","Lexington","2006-2010","22824","1741","7.6","0.9"
"217","Lincoln","Middlesex County","MA","Lincoln","2006-2010","3990","346","8.7","2.6"
"218","Littleton","Middlesex County","MA","Littleton","2006-2010","6454","572","8.9","2.1"
"219","Lowell","Middlesex County","MA","Lowell","2006-2010","79643","5556","7","0.6"
"220","Malden","Middlesex County","MA","Malden","2006-2010","46819","2910","6.2","0.7"
"221","Marlborough","Middlesex County","MA","Marlborough","2006-2010","29731","2577","8.7","1"
"222","Maynard","Middlesex County","MA","Maynard","2006-2010","7659","648","8.5","2"
"223","Medford","Middlesex County","MA","Medford","2006-2010","46576","3557","7.6","0.8"
"224","Melrose","Middlesex County","MA","Melrose","2006-2010","20815","1634","7.9","1.1"
"225","Natick","Middlesex County","MA","Natick","2006-2010","24822","2058","8.3","1"
"226","Newton","Middlesex County","MA","Newton","2006-2010","66191","3361","5.1","0.6"
"227","North Reading","Middlesex County","MA","North Reading","2006-2010","10602","912","8.6","1.8"
"228","Pepperell","Middlesex County","MA","Pepperell","2006-2010","8328","770","9.2","1.7"
"229","Reading","Middlesex County","MA","Reading","2006-2010","17603","1366","7.8","1"
"230","Sherborn","Middlesex County","MA","Sherborn","2006-2010","2937","244","8.3","2.4"
"231","Shirley","Middlesex County","MA","Shirley","2006-2010","5765","643","11.2","2.6"
"232","Somerville","Middlesex County","MA","Somerville","2006-2010","65763","2785","4.2","0.6"
"233","Stoneham","Middlesex County","MA","Stoneham","2006-2010","17053","2017","11.8","1.6"
"234","Stow","Middlesex County","MA","Stow","2006-2010","4672","496","10.6","2.6"
"235","Sudbury","Middlesex County","MA","Sudbury","2006-2010","11786","907","7.7","1.1"
"236","Tewksbury","Middlesex County","MA","Tewksbury","2006-2010","21895","2160","9.9","1.1"
"237","Townsend","Middlesex County","MA","Townsend","2006-2010","6500","603","9.3","1.9"
"238","Tyngsborough","Middlesex County","MA","Tyngsborough","2006-2010","8193","597","7.3","1.5"
"239","Wakefield","Middlesex County","MA","Wakefield","2006-2010","19347","1803","9.3","1.3"
"240","Waltham","Middlesex County","MA","Waltham","2006-2010","51387","2884","5.6","0.6"
"241","Watertown","Middlesex County","MA","Watertown","2006-2010","27117","1902","7","1.2"
"242","Wayland","Middlesex County","MA","Wayland","2006-2010","9295","911","9.8","2"
"243","Westford","Middlesex County","MA","Westford","2006-2010","14938","1314","8.8","1.2"
"244","Weston","Middlesex County","MA","Weston","2006-2010","7869","634","8.1","1.7"
"245","Wilmington","Middlesex County","MA","Wilmington","2006-2010","16167","1760","10.9","1.5"
"246","Winchester","Middlesex County","MA","Winchester","2006-2010","15133","1003","6.6","1"
"247","Woburn","Middlesex County","MA","Woburn","2006-2010","29490","2701","9.2","0.9"
"248","Nantucket","Nantucket County","MA","Nantucket","2006-2010","7951","599","7.5","1.7"
"249","Avon","Norfolk County","MA","Avon","2006-2010","3412","399","11.7","3"
"250","Bellingham","Norfolk County","MA","Bellingham","2006-2010","12251","1177","9.6","1.7"
"251","Braintree","Norfolk County","MA","Braintree","2006-2010","27017","2512","9.3","0.9"
"252","Brookline","Norfolk County","MA","Brookline","2006-2010","47164","1988","4.2","0.6"
"253","Canton","Norfolk County","MA","Canton","2006-2010","16107","1565","9.7","1.3"
"254","Cohasset","Norfolk County","MA","Cohasset","2006-2010","5204","543","10.4","2.4"
"255","Dedham","Norfolk County","MA","Dedham","2006-2010","19300","1889","9.8","1.3"
"256","Dover","Norfolk County","MA","Dover","2006-2010","3881","294","7.6","2.3"
"257","Foxborough","Norfolk County","MA","Foxborough","2006-2010","12382","1176","9.5","1.3"
"258","Franklin","Norfolk County","MA","Franklin","2006-2010","21991","1683","7.7","1.1"
"259","Holbrook","Norfolk County","MA","Holbrook","2006-2010","8366","776","9.3","2.2"
"260","Medfield","Norfolk County","MA","Medfield","2006-2010","8164","565","6.9","1.4"
"261","Medway","Norfolk County","MA","Medway","2006-2010","9034","768","8.5","1.8"
"262","Millis","Norfolk County","MA","Millis","2006-2010","5885","527","9","2.7"
"263","Milton","Norfolk County","MA","Milton","2006-2010","19919","1591","8","1.1"
"264","Needham","Norfolk County","MA","Needham","2006-2010","20820","1665","8","1.1"
"265","Norfolk","Norfolk County","MA","Norfolk","2006-2010","8577","734","8.6","1.4"
"266","Norwood","Norfolk County","MA","Norwood","2006-2010","22501","2236","9.9","1.4"
"267","Plainville","Norfolk County","MA","Plainville","2006-2010","6130","653","10.7","3.1"
"268","Quincy","Norfolk County","MA","Quincy","2006-2010","75708","5395","7.1","0.6"
"269","Randolph","Norfolk County","MA","Randolph","2006-2010","24709","1669","6.8","1.1"
"270","Sharon","Norfolk County","MA","Sharon","2006-2010","12475","976","7.8","1.3"
"271","Stoughton","Norfolk County","MA","Stoughton","2006-2010","20856","1574","7.5","1.2"
"272","Walpole","Norfolk County","MA","Walpole","2006-2010","17478","1781","10.2","1.2"
"273","Wellesley","Norfolk County","MA","Wellesley","2006-2010","20594","1356","6.6","1"
"274","Westwood","Norfolk County","MA","Westwood","2006-2010","10128","1047","10.3","1.7"
"275","Weymouth","Norfolk County","MA","Weymouth","2006-2010","41929","4649","11.1","1"
"276","Wrentham","Norfolk County","MA","Wrentham","2006-2010","7730","610","7.9","1.8"
"277","Abington","Plymouth County","MA","Abington","2006-2010","12004","1241","10.3","1.6"
"278","Bridgewater","Plymouth County","MA","Bridgewater","2006-2010","20694","1796","8.7","1"
"279","Brockton","Plymouth County","MA","Brockton","2006-2010","69207","5792","8.4","0.7"
"280","Carver","Plymouth County","MA","Carver","2006-2010","8737","1222","14","2.3"
"281","Duxbury","Plymouth County","MA","Duxbury","2006-2010","10296","1097","10.7","1.3"
"282","East Bridgewater","Plymouth County","MA","East Bridgewater","2006-2010","10353","1173","11.3","1.9"
"283","Halifax","Plymouth County","MA","Halifax","2006-2010","5875","470","8","2.2"
"284","Hanover","Plymouth County","MA","Hanover","2006-2010","9912","1147","11.6","1.7"
"285","Hanson","Plymouth County","MA","Hanson","2006-2010","7319","921","12.6","2"
"286","Hingham","Plymouth County","MA","Hingham","2006-2010","15946","1732","10.9","1.3"
"287","Hull","Plymouth County","MA","Hull","2006-2010","8449","974","11.5","2"
"288","Kingston","Plymouth County","MA","Kingston","2006-2010","9274","1150","12.4","2.5"
"289","Lakeville","Plymouth County","MA","Lakeville","2006-2010","7578","791","10.4","2.3"
"290","Marion","Plymouth County","MA","Marion","2006-2010","3927","486","12.4","3"
"291","Marshfield","Plymouth County","MA","Marshfield","2006-2010","18758","1797","9.6","1.1"
"292","Mattapoisett","Plymouth County","MA","Mattapoisett","2006-2010","4886","595","12.2","2.6"
"293","Middleborough","Plymouth County","MA","Middleborough","2006-2010","16331","1894","11.6","1.8"
"294","Norwell","Plymouth County","MA","Norwell","2006-2010","7282","721","9.9","1.9"
"295","Pembroke","Plymouth County","MA","Pembroke","2006-2010","12810","1311","10.2","1.5"
"296","Plymouth","Plymouth County","MA","Plymouth","2006-2010","43203","4780","11.1","0.8"
"297","Plympton","Plymouth County","MA","Plympton","2006-2010","2160","257","11.9","2.7"
"298","Rochester","Plymouth County","MA","Rochester","2006-2010","3801","384","10.1","2.4"
"299","Rockland","Plymouth County","MA","Rockland","2006-2010","13435","1538","11.4","1.7"
"300","Scituate","Plymouth County","MA","Scituate","2006-2010","13441","1494","11.1","1.8"
"301","Wareham","Plymouth County","MA","Wareham","2006-2010","17121","2352","13.7","1.7"
"302","West Bridgewater","Plymouth County","MA","West Bridgewater","2006-2010","5327","581","10.9","2.2"
"303","Whitman","Plymouth County","MA","Whitman","2006-2010","10824","1199","11.1","1.5"
"304","Boston","Suffolk County","MA","Boston","2006-2010","499070","20459","4.1","0.2"
"305","Chelsea","Suffolk County","MA","Chelsea","2006-2010","25037","1160","4.6","1.5"
"306","Revere","Suffolk County","MA","Revere","2006-2010","39300","2832","7.2","0.9"
"307","Winthrop","Suffolk County","MA","Winthrop","2006-2010","13900","1247","9","1.5"
"308","Ashburnham","Worcester County","MA","Ashburnham","2006-2010","4348","457","10.5","3.1"
"309","Athol","Worcester County","MA","Athol","2006-2010","8836","1197","13.5","2"
"310","Auburn","Worcester County","MA","Auburn","2006-2010","12656","1436","11.3","1.4"
"311","Barre","Worcester County","MA","Barre","2006-2010","4179","426","10.2","3.8"
"312","Berlin","Worcester County","MA","Berlin","2006-2010","2202","287","13","3.4"
"313","Blackstone","Worcester County","MA","Blackstone","2006-2010","6701","670","10","2.3"
"314","Bolton","Worcester County","MA","Bolton","2006-2010","3404","214","6.3","1.9"
"315","Boylston","Worcester County","MA","Boylston","2006-2010","3303","255","7.7","1.9"
"316","Brookfield","Worcester County","MA","Brookfield","2006-2010","2660","357","13.4","3.5"
"317","Charlton","Worcester County","MA","Charlton","2006-2010","9074","1008","11.1","2.1"
"318","Clinton","Worcester County","MA","Clinton","2006-2010","10671","1047","9.8","2.1"
"319","Douglas","Worcester County","MA","Douglas","2006-2010","5955","446","7.5","2.7"
"320","Dudley","Worcester County","MA","Dudley","2006-2010","8416","1128","13.4","2.2"
"321","East Brookfield","Worcester County","MA","East Brookfield","2006-2010","1564","152","9.7","3.1"
"322","Fitchburg","Worcester County","MA","Fitchburg","2006-2010","31196","2655","8.5","0.9"
"323","Gardner","Worcester County","MA","Gardner","2006-2010","16111","1982","12.3","1.8"
"324","Grafton","Worcester County","MA","Grafton","2006-2010","12390","812","6.6","1.4"
"325","Hardwick","Worcester County","MA","Hardwick","2006-2010","2272","302","13.3","3.6"
"326","Harvard","Worcester County","MA","Harvard","2006-2010","4885","482","9.9","2.2"
"327","Holden","Worcester County","MA","Holden","2006-2010","12768","1402","11","1.2"
"328","Hopedale","Worcester County","MA","Hopedale","2006-2010","4556","375","8.2","2.7"
"329","Hubbardston","Worcester County","MA","Hubbardston","2006-2010","3191","433","13.6","4.6"
"330","Lancaster","Worcester County","MA","Lancaster","2006-2010","6039","521","8.6","2.1"
"331","Leicester","Worcester County","MA","Leicester","2006-2010","8526","1070","12.5","2"
"332","Leominster","Worcester County","MA","Leominster","2006-2010","31101","3393","10.9","1.2"
"333","Lunenburg","Worcester County","MA","Lunenburg","2006-2010","7582","801","10.6","2.2"
"334","Mendon","Worcester County","MA","Mendon","2006-2010","4153","394","9.5","2.5"
"335","Milford","Worcester County","MA","Milford","2006-2010","21139","1764","8.3","1.3"
"336","Millbury","Worcester County","MA","Millbury","2006-2010","10561","1071","10.1","2"
"337","Millville","Worcester County","MA","Millville","2006-2010","2233","207","9.3","2.6"
"338","New Braintree","Worcester County","MA","New Braintree","2006-2010","761","72","9.5","3.3"
"339","Northborough","Worcester County","MA","Northborough","2006-2010","10136","753","7.4","1.3"
"340","Northbridge","Worcester County","MA","Northbridge","2006-2010","11229","1313","11.7","2.3"
"341","North Brookfield","Worcester County","MA","North Brookfield","2006-2010","3561","425","11.9","3.6"
"342","Oakham","Worcester County","MA","Oakham","2006-2010","1412","154","10.9","2.3"
"343","Oxford","Worcester County","MA","Oxford","2006-2010","10427","1024","9.8","1.8"
"344","Paxton","Worcester County","MA","Paxton","2006-2010","3587","483","13.5","3.1"
"345","Petersham","Worcester County","MA","Petersham","2006-2010","1093","98","9","2.7"
"346","Phillipston","Worcester County","MA","Phillipston","2006-2010","1361","148","10.9","2.4"
"347","Princeton","Worcester County","MA","Princeton","2006-2010","2547","276","10.8","4"
"348","Royalston","Worcester County","MA","Royalston","2006-2010","922","133","14.4","3.1"
"349","Rutland","Worcester County","MA","Rutland","2006-2010","5434","739","13.6","3.2"
"350","Shrewsbury","Worcester County","MA","Shrewsbury","2006-2010","25429","2292","9","1"
"351","Southborough","Worcester County","MA","Southborough","2006-2010","6640","574","8.6","1.9"
"352","Southbridge","Worcester County","MA","Southbridge","2006-2010","12283","1406","11.4","1.5"
"353","Spencer","Worcester County","MA","Spencer","2006-2010","9075","1082","11.9","2.2"
"354","Sterling","Worcester County","MA","Sterling","2006-2010","5682","511","9","2.3"
"355","Sturbridge","Worcester County","MA","Sturbridge","2006-2010","6765","732","10.8","2.8"
"356","Sutton","Worcester County","MA","Sutton","2006-2010","6459","728","11.3","2.5"
"357","Templeton","Worcester County","MA","Templeton","2006-2010","5784","736","12.7","3"
"358","Upton","Worcester County","MA","Upton","2006-2010","5060","418","8.3","2.4"
"359","Uxbridge","Worcester County","MA","Uxbridge","2006-2010","9747","1155","11.8","2.2"
"360","Warren","Worcester County","MA","Warren","2006-2010","3921","507","12.9","3.5"
"361","Webster","Worcester County","MA","Webster","2006-2010","13176","1403","10.6","1.6"
"362","Westborough","Worcester County","MA","Westborough","2006-2010","13352","925","6.9","1.5"
"363","West Boylston","Worcester County","MA","West Boylston","2006-2010","6471","638","9.9","2.1"
"364","West Brookfield","Worcester County","MA","West Brookfield","2006-2010","3084","345","11.2","3.2"
"365","Westminster","Worcester County","MA","Westminster","2006-2010","5431","636","11.7","2.8"
"366","Winchendon","Worcester County","MA","Winchendon","2006-2010","7495","1351","18","4.5"
"367","Worcester","Worcester County","MA","Worcester","2006-2010","140373","10695","7.6","0.5"
"368",NA,"NA County",NA,"United States","2007-2011","231421987","22215303","9.6","0.1"
"369",NA,"NA County","MA","MA","2007-2011","5083130","412617","8.1","0.1"
"370",NA,"Barnstable County","MA","Barnstable County","2007-2011","177715","24097","13.6","0.4"
"371",NA,"Berkshire County","MA","Berkshire County","2007-2011","105292","11153","10.6","0.5"
"372",NA,"Bristol County","MA","Bristol County","2007-2011","423505","36141","8.5","0.3"
"373",NA,"Dukes County","MA","Dukes County","2007-2011","12843","1204","9.4","1.4"
"374",NA,"Essex County","MA","Essex County","2007-2011","566602","46486","8.2","0.2"
"375",NA,"Franklin County","MA","Franklin County","2007-2011","57202","6292","11","0.6"
"376",NA,"Hampden County","MA","Hampden County","2007-2011","351911","34380","9.8","0.3"
"377",NA,"Hampshire County","MA","Hampshire County","2007-2011","130645","10582","8.1","0.4"
"378",NA,"Middlesex County","MA","Middlesex County","2007-2011","1170644","81460","7","0.1"
"379",NA,"Nantucket County","MA","Nantucket County","2007-2011","7991","619","7.7","1.8"
"380",NA,"Norfolk County","MA","Norfolk County","2007-2011","514491","40877","7.9","0.2"
"381",NA,"Plymouth County","MA","Plymouth County","2007-2011","372491","38083","10.2","0.3"
"382",NA,"Suffolk County","MA","Suffolk County","2007-2011","585724","24628","4.2","0.2"
"383",NA,"Worcester County","MA","Worcester County","2007-2011","606074","56615","9.3","0.2"
"384","Barnstable","Barnstable County","MA","Barnstable","2007-2011","36764","4402","12","1"
"385","Bourne","Barnstable County","MA","Bourne","2007-2011","15506","1988","12.8","1.5"
"386","Brewster","Barnstable County","MA","Brewster","2007-2011","8134","984","12.1","2.3"
"387","Chatham","Barnstable County","MA","Chatham","2007-2011","5314","808","15.2","2.4"
"388","Dennis","Barnstable County","MA","Dennis","2007-2011","11875","1736","14.6","1.6"
"389","Eastham","Barnstable County","MA","Eastham","2007-2011","4523","626","13.8","2.6"
"390","Falmouth","Barnstable County","MA","Falmouth","2007-2011","26133","3907","15","1.4"
"391","Harwich","Barnstable County","MA","Harwich","2007-2011","10142","1458","14.4","2.1"
"392","Mashpee","Barnstable County","MA","Mashpee","2007-2011","11088","1698","15.3","2.1"
"393","Orleans","Barnstable County","MA","Orleans","2007-2011","5329","860","16.1","2.9"
"394","Provincetown","Barnstable County","MA","Provincetown","2007-2011","2803","256","9.1","3.6"
"395","Sandwich","Barnstable County","MA","Sandwich","2007-2011","15433","1921","12.4","1.5"
"396","Truro","Barnstable County","MA","Truro","2007-2011","1661","241","14.5","5.3"
"397","Wellfleet","Barnstable County","MA","Wellfleet","2007-2011","2623","324","12.4","4.3"
"398","Yarmouth","Barnstable County","MA","Yarmouth","2007-2011","20387","2888","14.2","1.7"
"399","Adams","Berkshire County","MA","Adams","2007-2011","6611","707","10.7","2"
"400","Alford","Berkshire County","MA","Alford","2007-2011","433","56","12.9","4.1"
"401","Becket","Berkshire County","MA","Becket","2007-2011","1485","117","7.9","3.5"
"402","Cheshire","Berkshire County","MA","Cheshire","2007-2011","2631","303","11.5","2.5"
"403","Clarksburg","Berkshire County","MA","Clarksburg","2007-2011","1435","191","13.3","2.6"
"404","Dalton","Berkshire County","MA","Dalton","2007-2011","5264","592","11.2","2.6"
"405","Egremont","Berkshire County","MA","Egremont","2007-2011","920","92","10","3.6"
"406","Florida","Berkshire County","MA","Florida","2007-2011","575","81","14.1","5.9"
"407","Great Barrington","Berkshire County","MA","Great Barrington","2007-2011","5975","503","8.4","2"
"408","Hancock","Berkshire County","MA","Hancock","2007-2011","510","83","16.3","5.1"
"409","Hinsdale","Berkshire County","MA","Hinsdale","2007-2011","1707","246","14.4","3.7"
"410","Lanesborough","Berkshire County","MA","Lanesborough","2007-2011","2408","328","13.6","4.8"
"411","Lee","Berkshire County","MA","Lee","2007-2011","4897","580","11.8","3.3"
"412","Lenox","Berkshire County","MA","Lenox","2007-2011","3725","386","10.4","3.2"
"413","Monterey","Berkshire County","MA","Monterey","2007-2011","653","150","23","17.3"
"414","Mount Washington","Berkshire County","MA","Mount Washington","2007-2011","127","9","7.1","4.8"
"415","New Ashford","Berkshire County","MA","New Ashford","2007-2011","193","26","13.5","5.9"
"416","New Marlborough","Berkshire County","MA","New Marlborough","2007-2011","1215","118","9.7","3.6"
"417","North Adams","Berkshire County","MA","North Adams","2007-2011","11422","1029","9","1.5"
"418","Otis","Berkshire County","MA","Otis","2007-2011","1096","162","14.8","3.4"
"419","Peru","Berkshire County","MA","Peru","2007-2011","696","60","8.6","2.8"
"420","Pittsfield","Berkshire County","MA","Pittsfield","2007-2011","35230","3412","9.7","0.9"
"421","Richmond","Berkshire County","MA","Richmond","2007-2011","1378","198","14.4","2.9"
"422","Sandisfield","Berkshire County","MA","Sandisfield","2007-2011","798","68","8.5","3.6"
"423","Savoy","Berkshire County","MA","Savoy","2007-2011","566","61","10.8","3.5"
"424","Sheffield","Berkshire County","MA","Sheffield","2007-2011","2631","355","13.5","4.1"
"425","Stockbridge","Berkshire County","MA","Stockbridge","2007-2011","1437","197","13.7","4.4"
"426","Tyringham","Berkshire County","MA","Tyringham","2007-2011","324","38","11.7","4.8"
"427","Washington","Berkshire County","MA","Washington","2007-2011","499","75","15","4.3"
"428","West Stockbridge","Berkshire County","MA","West Stockbridge","2007-2011","1300","112","8.6","3.3"
"429","Williamstown","Berkshire County","MA","Williamstown","2007-2011","6449","712","11","1.9"
"430","Windsor","Berkshire County","MA","Windsor","2007-2011","702","106","15.1","4.8"
"431","Acushnet","Bristol County","MA","Acushnet","2007-2011","8191","808","9.9","2.1"
"432","Attleboro","Bristol County","MA","Attleboro","2007-2011","33317","3093","9.3","1"
"433","Berkley","Bristol County","MA","Berkley","2007-2011","4598","404","8.8","2"
"434","Dartmouth","Bristol County","MA","Dartmouth","2007-2011","27557","2364","8.6","1.1"
"435","Dighton","Bristol County","MA","Dighton","2007-2011","5432","580","10.7","3.3"
"436","Easton","Bristol County","MA","Easton","2007-2011","18106","1283","7.1","1.1"
"437","Fairhaven","Bristol County","MA","Fairhaven","2007-2011","12904","1410","10.9","1.3"
"438","Fall River","Bristol County","MA","Fall River","2007-2011","70233","5391","7.7","0.6"
"439","Freetown","Bristol County","MA","Freetown","2007-2011","6879","741","10.8","2"
"440","Mansfield","Bristol County","MA","Mansfield","2007-2011","16113","1126","7","1.3"
"441","New Bedford","Bristol County","MA","New Bedford","2007-2011","72141","4990","6.9","0.6"
"442","North Attleborough","Bristol County","MA","North Attleborough","2007-2011","20783","2247","10.8","1.6"
"443","Norton","Bristol County","MA","Norton","2007-2011","14638","1053","7.2","1.3"
"444","Raynham","Bristol County","MA","Raynham","2007-2011","9804","1047","10.7","2.3"
"445","Rehoboth","Bristol County","MA","Rehoboth","2007-2011","8951","778","8.7","1.8"
"446","Seekonk","Bristol County","MA","Seekonk","2007-2011","10584","897","8.5","1.6"
"447","Somerset","Bristol County","MA","Somerset","2007-2011","14708","1424","9.7","1.6"
"448","Swansea","Bristol County","MA","Swansea","2007-2011","12988","1559","12","1.8"
"449","Taunton","Bristol County","MA","Taunton","2007-2011","43178","3539","8.2","0.9"
"450","Westport","Bristol County","MA","Westport","2007-2011","12400","1407","11.3","1.8"
"451","Aquinnah","Dukes County","MA","Aquinnah","2007-2011","308","2","0.6","1.1"
"452","Chilmark","Dukes County","MA","Chilmark","2007-2011","583","85","14.6","6.4"
"453","Edgartown","Dukes County","MA","Edgartown","2007-2011","3499","296","8.5","3.2"
"454","Gosnold","Dukes County","MA","Gosnold","2007-2011","178","22","12.4","8.5"
"455","Oak Bluffs","Dukes County","MA","Oak Bluffs","2007-2011","3233","357","11","3.1"
"456","Tisbury","Dukes County","MA","Tisbury","2007-2011","3120","316","10.1","3.6"
"457","West Tisbury","Dukes County","MA","West Tisbury","2007-2011","1922","126","6.6","2.9"
"458","Amesbury","Essex County","MA","Amesbury","2007-2011","12598","1241","9.9","1.5"
"459","Andover","Essex County","MA","Andover","2007-2011","24052","1784","7.4","0.9"
"460","Beverly","Essex County","MA","Beverly","2007-2011","31936","2970","9.3","1"
"461","Boxford","Essex County","MA","Boxford","2007-2011","5682","647","11.4","2.6"
"462","Danvers","Essex County","MA","Danvers","2007-2011","20779","2168","10.4","1.4"
"463","Essex","Essex County","MA","Essex","2007-2011","2759","303","11","3.5"
"464","Georgetown","Essex County","MA","Georgetown","2007-2011","5825","508","8.7","1.5"
"465","Gloucester","Essex County","MA","Gloucester","2007-2011","23527","2230","9.5","1.1"
"466","Groveland","Essex County","MA","Groveland","2007-2011","4736","409","8.6","2.3"
"467","Hamilton","Essex County","MA","Hamilton","2007-2011","5677","539","9.5","2.4"
"468","Haverhill","Essex County","MA","Haverhill","2007-2011","46159","3935","8.5","0.7"
"469","Ipswich","Essex County","MA","Ipswich","2007-2011","10303","926","9","1.6"
"470","Lawrence","Essex County","MA","Lawrence","2007-2011","53957","2126","3.9","0.6"
"471","Lynn","Essex County","MA","Lynn","2007-2011","67872","4385","6.5","0.5"
"472","Lynnfield","Essex County","MA","Lynnfield","2007-2011","8661","726","8.4","1.9"
"473","Manchester-by-the-Sea","Essex County","MA","Manchester-by-the-Sea","2007-2011","3848","286","7.4","2.5"
"474","Marblehead","Essex County","MA","Marblehead","2007-2011","14680","1386","9.4","1.4"
"475","Merrimac","Essex County","MA","Merrimac","2007-2011","4782","409","8.6","2.7"
"476","Methuen","Essex County","MA","Methuen","2007-2011","35634","3025","8.5","0.9"
"477","Middleton","Essex County","MA","Middleton","2007-2011","6865","343","5","1.9"
"478","Nahant","Essex County","MA","Nahant","2007-2011","2830","285","10.1","2.7"
"479","Newbury","Essex County","MA","Newbury","2007-2011","5062","426","8.4","2.3"
"480","Newburyport","Essex County","MA","Newburyport","2007-2011","13875","1358","9.8","1.6"
"481","North Andover","Essex County","MA","North Andover","2007-2011","21013","1629","7.8","0.9"
"482","Peabody","Essex County","MA","Peabody","2007-2011","40641","4008","9.9","0.8"
"483","Rockport","Essex County","MA","Rockport","2007-2011","5796","664","11.5","2.4"
"484","Rowley","Essex County","MA","Rowley","2007-2011","4419","513","11.6","3.1"
"485","Salem","Essex County","MA","Salem","2007-2011","33192","2768","8.3","1"
"486","Salisbury","Essex County","MA","Salisbury","2007-2011","6625","920","13.9","2.4"
"487","Saugus","Essex County","MA","Saugus","2007-2011","20918","1839","8.8","1.1"
"488","Swampscott","Essex County","MA","Swampscott","2007-2011","10579","886","8.4","1.7"
"489","Topsfield","Essex County","MA","Topsfield","2007-2011","4334","335","7.7","2.8"
"490","Wenham","Essex County","MA","Wenham","2007-2011","3860","253","6.6","2.5"
"491","West Newbury","Essex County","MA","West Newbury","2007-2011","3126","256","8.2","2.3"
"492","Ashfield","Franklin County","MA","Ashfield","2007-2011","1397","135","9.7","2.6"
"493","Bernardston","Franklin County","MA","Bernardston","2007-2011","1780","219","12.3","3.3"
"494","Buckland","Franklin County","MA","Buckland","2007-2011","1783","145","8.1","2.9"
"495","Charlemont","Franklin County","MA","Charlemont","2007-2011","961","134","13.9","3.3"
"496","Colrain","Franklin County","MA","Colrain","2007-2011","1366","185","13.5","2.8"
"497","Conway","Franklin County","MA","Conway","2007-2011","1446","125","8.6","2"
"498","Deerfield","Franklin County","MA","Deerfield","2007-2011","4068","391","9.6","2.9"
"499","Erving","Franklin County","MA","Erving","2007-2011","1298","152","11.7","2.6"
"500","Gill","Franklin County","MA","Gill","2007-2011","1181","142","12","3.3"
"501","Greenfield","Franklin County","MA","Greenfield","2007-2011","14022","1445","10.3","1.5"
"502","Hawley","Franklin County","MA","Hawley","2007-2011","324","52","16","5.2"
"503","Heath","Franklin County","MA","Heath","2007-2011","417","48","11.5","5"
"504","Leverett","Franklin County","MA","Leverett","2007-2011","1405","117","8.3","1.9"
"505","Leyden","Franklin County","MA","Leyden","2007-2011","531","76","14.3","4.5"
"506","Monroe","Franklin County","MA","Monroe","2007-2011","111","6","5.4","7"
"507","Montague","Franklin County","MA","Montague","2007-2011","6734","754","11.2","1.8"
"508","New Salem","Franklin County","MA","New Salem","2007-2011","766","83","10.8","3.3"
"509","Northfield","Franklin County","MA","Northfield","2007-2011","2443","275","11.3","2.8"
"510","Orange","Franklin County","MA","Orange","2007-2011","5986","924","15.4","2.8"
"511","Rowe","Franklin County","MA","Rowe","2007-2011","338","65","19.2","4.6"
"512","Shelburne","Franklin County","MA","Shelburne","2007-2011","1618","201","12.4","3.4"
"513","Shutesbury","Franklin County","MA","Shutesbury","2007-2011","1410","117","8.3","2.6"
"514","Sunderland","Franklin County","MA","Sunderland","2007-2011","3137","209","6.7","2.5"
"515","Warwick","Franklin County","MA","Warwick","2007-2011","498","87","17.5","5.8"
"516","Wendell","Franklin County","MA","Wendell","2007-2011","894","73","8.2","2.9"
"517","Whately","Franklin County","MA","Whately","2007-2011","1288","132","10.2","3.4"
"518","Agawam","Hampden County","MA","Agawam","2007-2011","22457","2580","11.5","1.3"
"519","Blandford","Hampden County","MA","Blandford","2007-2011","938","122","13","3"
"520","Brimfield","Hampden County","MA","Brimfield","2007-2011","2754","528","19.2","5.3"
"521","Chester","Hampden County","MA","Chester","2007-2011","1030","158","15.3","3.2"
"522","Chicopee","Hampden County","MA","Chicopee","2007-2011","43175","4983","11.5","1.2"
"523","East Longmeadow","Hampden County","MA","East Longmeadow","2007-2011","11749","1334","11.4","1.5"
"524","Granville","Hampden County","MA","Granville","2007-2011","1141","154","13.5","3.1"
"525","Hampden","Hampden County","MA","Hampden","2007-2011","4143","491","11.9","2.3"
"526","Holland","Hampden County","MA","Holland","2007-2011","2019","295","14.6","3.5"
"527","Holyoke","Hampden County","MA","Holyoke","2007-2011","29435","2700","9.2","1.4"
"528","Longmeadow","Hampden County","MA","Longmeadow","2007-2011","11615","1064","9.2","1.4"
"529","Ludlow","Hampden County","MA","Ludlow","2007-2011","17148","1508","8.8","1.3"
"530","Monson","Hampden County","MA","Monson","2007-2011","6586","787","11.9","2.8"
"531","Montgomery","Hampden County","MA","Montgomery","2007-2011","627","106","16.9","4.5"
"532","Palmer","Hampden County","MA","Palmer","2007-2011","9454","1257","13.3","2.1"
"533","Russell","Hampden County","MA","Russell","2007-2011","1340","166","12.4","2.8"
"534","Southwick","Hampden County","MA","Southwick","2007-2011","7343","902","12.3","2.7"
"535","Springfield","Hampden County","MA","Springfield","2007-2011","111802","8302","7.4","0.6"
"536","Tolland","Hampden County","MA","Tolland","2007-2011","334","53","15.9","6.2"
"537","Wales","Hampden County","MA","Wales","2007-2011","1562","231","14.8","3.2"
"538","Westfield","Hampden County","MA","Westfield","2007-2011","32230","3202","9.9","1"
"539","West Springfield","Hampden County","MA","West Springfield","2007-2011","21978","2267","10.3","1.4"
"540","Wilbraham","Hampden County","MA","Wilbraham","2007-2011","11051","1190","10.8","1.6"
"541","Amherst","Hampshire County","MA","Amherst","2007-2011","34052","902","2.6","0.5"
"542","Belchertown","Hampshire County","MA","Belchertown","2007-2011","10806","1243","11.5","1.8"
"543","Chesterfield","Hampshire County","MA","Chesterfield","2007-2011","877","120","13.7","3.5"
"544","Cummington","Hampshire County","MA","Cummington","2007-2011","797","72","9","3.1"
"545","Easthampton","Hampshire County","MA","Easthampton","2007-2011","13271","1359","10.2","1.7"
"546","Goshen","Hampshire County","MA","Goshen","2007-2011","880","64","7.3","2.9"
"547","Granby","Hampshire County","MA","Granby","2007-2011","4807","501","10.4","2.8"
"548","Hadley","Hampshire County","MA","Hadley","2007-2011","4269","490","11.5","3"
"549","Hatfield","Hampshire County","MA","Hatfield","2007-2011","2679","342","12.8","3.3"
"550","Huntington","Hampshire County","MA","Huntington","2007-2011","1681","221","13.1","3.3"
"551","Middlefield","Hampshire County","MA","Middlefield","2007-2011","353","62","17.6","6.4"
"552","Northampton","Hampshire County","MA","Northampton","2007-2011","23815","1910","8","1"
"553","Pelham","Hampshire County","MA","Pelham","2007-2011","1036","69","6.7","1.9"
"554","Plainfield","Hampshire County","MA","Plainfield","2007-2011","505","73","14.5","3.5"
"555","Southampton","Hampshire County","MA","Southampton","2007-2011","4463","449","10.1","2.7"
"556","South Hadley","Hampshire County","MA","South Hadley","2007-2011","14335","1479","10.3","1.4"
"557","Ware","Hampshire County","MA","Ware","2007-2011","7615","749","9.8","2.1"
"558","Westhampton","Hampshire County","MA","Westhampton","2007-2011","1258","116","9.2","2.4"
"559","Williamsburg","Hampshire County","MA","Williamsburg","2007-2011","2165","242","11.2","2.6"
"560","Worthington","Hampshire County","MA","Worthington","2007-2011","981","119","12.1","3"
"561","Acton","Middlesex County","MA","Acton","2007-2011","15270","950","6.2","1.1"
"562","Arlington","Middlesex County","MA","Arlington","2007-2011","33700","1999","5.9","0.7"
"563","Ashby","Middlesex County","MA","Ashby","2007-2011","2256","251","11.1","2.8"
"564","Ashland","Middlesex County","MA","Ashland","2007-2011","12146","955","7.9","1.6"
"565","Ayer","Middlesex County","MA","Ayer","2007-2011","5943","756","12.7","3.8"
"566","Bedford","Middlesex County","MA","Bedford","2007-2011","9762","1257","12.9","3.4"
"567","Belmont","Middlesex County","MA","Belmont","2007-2011","18629","1049","5.6","0.9"
"568","Billerica","Middlesex County","MA","Billerica","2007-2011","30008","2856","9.5","1.2"
"569","Boxborough","Middlesex County","MA","Boxborough","2007-2011","3692","252","6.8","2.3"
"570","Burlington","Middlesex County","MA","Burlington","2007-2011","18664","1692","9.1","1.4"
"571","Cambridge","Middlesex County","MA","Cambridge","2007-2011","90357","2783","3.1","0.4"
"572","Carlisle","Middlesex County","MA","Carlisle","2007-2011","3338","197","5.9","2.6"
"573","Chelmsford","Middlesex County","MA","Chelmsford","2007-2011","25674","2653","10.3","0.9"
"574","Concord","Middlesex County","MA","Concord","2007-2011","13496","1387","10.3","1.5"
"575","Dracut","Middlesex County","MA","Dracut","2007-2011","22531","2056","9.1","1.3"
"576","Dunstable","Middlesex County","MA","Dunstable","2007-2011","2246","117","5.2","1.6"
"577","Everett","Middlesex County","MA","Everett","2007-2011","32064","2198","6.9","1.1"
"578","Framingham","Middlesex County","MA","Framingham","2007-2011","53462","3059","5.7","0.6"
"579","Groton","Middlesex County","MA","Groton","2007-2011","7383","612","8.3","2.3"
"580","Holliston","Middlesex County","MA","Holliston","2007-2011","9972","935","9.4","1.8"
"581","Hopkinton","Middlesex County","MA","Hopkinton","2007-2011","9912","844","8.5","1.7"
"582","Hudson","Middlesex County","MA","Hudson","2007-2011","14587","1224","8.4","1.3"
"583","Lexington","Middlesex County","MA","Lexington","2007-2011","23005","1573","6.8","0.9"
"584","Lincoln","Middlesex County","MA","Lincoln","2007-2011","3987","391","9.8","2.7"
"585","Littleton","Middlesex County","MA","Littleton","2007-2011","6464","528","8.2","2.2"
"586","Lowell","Middlesex County","MA","Lowell","2007-2011","81600","5411","6.6","0.6"
"587","Malden","Middlesex County","MA","Malden","2007-2011","47266","2812","5.9","0.7"
"588","Marlborough","Middlesex County","MA","Marlborough","2007-2011","30154","2538","8.4","1.1"
"589","Maynard","Middlesex County","MA","Maynard","2007-2011","7783","626","8","2"
"590","Medford","Middlesex County","MA","Medford","2007-2011","46891","3578","7.6","0.7"
"591","Melrose","Middlesex County","MA","Melrose","2007-2011","21009","1431","6.8","1"
"592","Natick","Middlesex County","MA","Natick","2007-2011","24669","1852","7.5","1"
"593","Newton","Middlesex County","MA","Newton","2007-2011","66139","3549","5.4","0.5"
"594","North Reading","Middlesex County","MA","North Reading","2007-2011","10972","827","7.5","1.7"
"595","Pepperell","Middlesex County","MA","Pepperell","2007-2011","8597","767","8.9","1.5"
"596","Reading","Middlesex County","MA","Reading","2007-2011","18026","1466","8.1","1.1"
"597","Sherborn","Middlesex County","MA","Sherborn","2007-2011","2929","231","7.9","1.9"
"598","Shirley","Middlesex County","MA","Shirley","2007-2011","5880","554","9.4","3.1"
"599","Somerville","Middlesex County","MA","Somerville","2007-2011","65977","2753","4.2","0.4"
"600","Stoneham","Middlesex County","MA","Stoneham","2007-2011","17297","1963","11.3","1.3"
"601","Stow","Middlesex County","MA","Stow","2007-2011","4797","507","10.6","2.8"
"602","Sudbury","Middlesex County","MA","Sudbury","2007-2011","11822","862","7.3","1.3"
"603","Tewksbury","Middlesex County","MA","Tewksbury","2007-2011","22234","2137","9.6","1.1"
"604","Townsend","Middlesex County","MA","Townsend","2007-2011","6544","559","8.5","2.1"
"605","Tyngsborough","Middlesex County","MA","Tyngsborough","2007-2011","8431","529","6.3","1.4"
"606","Wakefield","Middlesex County","MA","Wakefield","2007-2011","19579","1822","9.3","1.4"
"607","Waltham","Middlesex County","MA","Waltham","2007-2011","51628","2800","5.4","0.7"
"608","Watertown","Middlesex County","MA","Watertown","2007-2011","27343","1482","5.4","0.9"
"609","Wayland","Middlesex County","MA","Wayland","2007-2011","9528","818","8.6","1.9"
"610","Westford","Middlesex County","MA","Westford","2007-2011","15168","1191","7.9","1.2"
"611","Weston","Middlesex County","MA","Weston","2007-2011","7912","656","8.3","1.6"
"612","Wilmington","Middlesex County","MA","Wilmington","2007-2011","16483","1731","10.5","1.4"
"613","Winchester","Middlesex County","MA","Winchester","2007-2011","15339","990","6.5","1.1"
"614","Woburn","Middlesex County","MA","Woburn","2007-2011","30099","2444","8.1","1"
"615","Nantucket","Nantucket County","MA","Nantucket","2007-2011","7991","619","7.7","1.8"
"616","Avon","Norfolk County","MA","Avon","2007-2011","3411","368","10.8","2.9"
"617","Bellingham","Norfolk County","MA","Bellingham","2007-2011","12294","1193","9.7","1.7"
"618","Braintree","Norfolk County","MA","Braintree","2007-2011","27437","2555","9.3","0.9"
"619","Brookline","Norfolk County","MA","Brookline","2007-2011","47052","1777","3.8","0.6"
"620","Canton","Norfolk County","MA","Canton","2007-2011","16209","1412","8.7","1.4"
"621","Cohasset","Norfolk County","MA","Cohasset","2007-2011","5329","480","9","2.2"
"622","Dedham","Norfolk County","MA","Dedham","2007-2011","19376","1812","9.4","1.1"
"623","Dover","Norfolk County","MA","Dover","2007-2011","3903","259","6.6","1.9"
"624","Foxborough","Norfolk County","MA","Foxborough","2007-2011","12637","1100","8.7","1.4"
"625","Franklin","Norfolk County","MA","Franklin","2007-2011","22311","1504","6.7","0.9"
"626","Holbrook","Norfolk County","MA","Holbrook","2007-2011","8374","840","10","2.3"
"627","Medfield","Norfolk County","MA","Medfield","2007-2011","8418","569","6.8","1.4"
"628","Medway","Norfolk County","MA","Medway","2007-2011","9134","792","8.7","1.7"
"629","Millis","Norfolk County","MA","Millis","2007-2011","5988","560","9.4","2.8"
"630","Milton","Norfolk County","MA","Milton","2007-2011","20197","1541","7.6","1.2"
"631","Needham","Norfolk County","MA","Needham","2007-2011","20755","1542","7.4","1.2"
"632","Norfolk","Norfolk County","MA","Norfolk","2007-2011","8541","635","7.4","1.8"
"633","Norwood","Norfolk County","MA","Norwood","2007-2011","22663","2274","10","1.5"
"634","Plainville","Norfolk County","MA","Plainville","2007-2011","6206","571","9.2","3.2"
"635","Quincy","Norfolk County","MA","Quincy","2007-2011","76451","5823","7.6","0.7"
"636","Randolph","Norfolk County","MA","Randolph","2007-2011","25048","1620","6.5","1.2"
"637","Sharon","Norfolk County","MA","Sharon","2007-2011","12585","943","7.5","1.3"
"638","Stoughton","Norfolk County","MA","Stoughton","2007-2011","21225","1659","7.8","1.2"
"639","Walpole","Norfolk County","MA","Walpole","2007-2011","17993","1777","9.9","1.3"
"640","Wellesley","Norfolk County","MA","Wellesley","2007-2011","20714","1364","6.6","0.9"
"641","Westwood","Norfolk County","MA","Westwood","2007-2011","10218","972","9.5","1.5"
"642","Weymouth","Norfolk County","MA","Weymouth","2007-2011","41910","4418","10.5","1"
"643","Wrentham","Norfolk County","MA","Wrentham","2007-2011","8112","517","6.4","1.5"
"644","Abington","Plymouth County","MA","Abington","2007-2011","12081","1195","9.9","1.9"
"645","Bridgewater","Plymouth County","MA","Bridgewater","2007-2011","21028","1945","9.2","1.4"
"646","Brockton","Plymouth County","MA","Brockton","2007-2011","69486","5583","8","0.6"
"647","Carver","Plymouth County","MA","Carver","2007-2011","8688","1100","12.7","2.2"
"648","Duxbury","Plymouth County","MA","Duxbury","2007-2011","10393","1034","9.9","1.5"
"649","East Bridgewater","Plymouth County","MA","East Bridgewater","2007-2011","10642","1048","9.8","1.3"
"650","Halifax","Plymouth County","MA","Halifax","2007-2011","5840","375","6.4","1.9"
"651","Hanover","Plymouth County","MA","Hanover","2007-2011","10073","1134","11.3","1.8"
"652","Hanson","Plymouth County","MA","Hanson","2007-2011","7478","803","10.7","2.1"
"653","Hingham","Plymouth County","MA","Hingham","2007-2011","16093","1807","11.2","1.6"
"654","Hull","Plymouth County","MA","Hull","2007-2011","8588","924","10.8","2.1"
"655","Kingston","Plymouth County","MA","Kingston","2007-2011","9457","1117","11.8","2.5"
"656","Lakeville","Plymouth County","MA","Lakeville","2007-2011","7636","769","10.1","2"
"657","Marion","Plymouth County","MA","Marion","2007-2011","3968","472","11.9","3.2"
"658","Marshfield","Plymouth County","MA","Marshfield","2007-2011","18738","1756","9.4","1.2"
"659","Mattapoisett","Plymouth County","MA","Mattapoisett","2007-2011","4792","602","12.6","2.6"
"660","Middleborough","Plymouth County","MA","Middleborough","2007-2011","17192","1961","11.4","1.4"
"661","Norwell","Plymouth County","MA","Norwell","2007-2011","7344","655","8.9","1.6"
"662","Pembroke","Plymouth County","MA","Pembroke","2007-2011","12949","1292","10","1.6"
"663","Plymouth","Plymouth County","MA","Plymouth","2007-2011","42952","4667","10.9","1"
"664","Plympton","Plymouth County","MA","Plympton","2007-2011","2233","287","12.9","3.5"
"665","Rochester","Plymouth County","MA","Rochester","2007-2011","3879","412","10.6","2.5"
"666","Rockland","Plymouth County","MA","Rockland","2007-2011","13851","1464","10.6","1.9"
"667","Scituate","Plymouth County","MA","Scituate","2007-2011","13423","1502","11.2","1.6"
"668","Wareham","Plymouth County","MA","Wareham","2007-2011","17305","2288","13.2","2.1"
"669","West Bridgewater","Plymouth County","MA","West Bridgewater","2007-2011","5422","652","12","2.1"
"670","Whitman","Plymouth County","MA","Whitman","2007-2011","10960","1239","11.3","1.4"
"671","Boston","Suffolk County","MA","Boston","2007-2011","505385","19804","3.9","0.2"
"672","Chelsea","Suffolk County","MA","Chelsea","2007-2011","25764","999","3.9","1.4"
"673","Revere","Suffolk County","MA","Revere","2007-2011","40407","2745","6.8","0.8"
"674","Winthrop","Suffolk County","MA","Winthrop","2007-2011","14168","1080","7.6","1.3"
"675","Ashburnham","Worcester County","MA","Ashburnham","2007-2011","4365","439","10.1","3"
"676","Athol","Worcester County","MA","Athol","2007-2011","8856","1109","12.5","1.9"
"677","Auburn","Worcester County","MA","Auburn","2007-2011","12795","1372","10.7","1.7"
"678","Barre","Worcester County","MA","Barre","2007-2011","4138","416","10.1","3.4"
"679","Berlin","Worcester County","MA","Berlin","2007-2011","2238","282","12.6","3.2"
"680","Blackstone","Worcester County","MA","Blackstone","2007-2011","6756","680","10.1","2.9"
"681","Bolton","Worcester County","MA","Bolton","2007-2011","3412","214","6.3","1.9"
"682","Boylston","Worcester County","MA","Boylston","2007-2011","3363","240","7.1","2"
"683","Brookfield","Worcester County","MA","Brookfield","2007-2011","2626","344","13.1","3.1"
"684","Charlton","Worcester County","MA","Charlton","2007-2011","9227","923","10","1.8"
"685","Clinton","Worcester County","MA","Clinton","2007-2011","10547","956","9.1","1.8"
"686","Douglas","Worcester County","MA","Douglas","2007-2011","6001","499","8.3","2.9"
"687","Dudley","Worcester County","MA","Dudley","2007-2011","8416","885","10.5","2.2"
"688","East Brookfield","Worcester County","MA","East Brookfield","2007-2011","1586","112","7.1","2.9"
"689","Fitchburg","Worcester County","MA","Fitchburg","2007-2011","31203","2607","8.4","1"
"690","Gardner","Worcester County","MA","Gardner","2007-2011","16048","2068","12.9","1.8"
"691","Grafton","Worcester County","MA","Grafton","2007-2011","12710","855","6.7","1.5"
"692","Hardwick","Worcester County","MA","Hardwick","2007-2011","2270","343","15.1","4.2"
"693","Harvard","Worcester County","MA","Harvard","2007-2011","4850","511","10.5","2.2"
"694","Holden","Worcester County","MA","Holden","2007-2011","12836","1300","10.1","1.4"
"695","Hopedale","Worcester County","MA","Hopedale","2007-2011","4474","299","6.7","2.4"
"696","Hubbardston","Worcester County","MA","Hubbardston","2007-2011","3229","424","13.1","3.4"
"697","Lancaster","Worcester County","MA","Lancaster","2007-2011","6218","490","7.9","2.2"
"698","Leicester","Worcester County","MA","Leicester","2007-2011","8540","999","11.7","1.8"
"699","Leominster","Worcester County","MA","Leominster","2007-2011","31482","3404","10.8","1"
"700","Lunenburg","Worcester County","MA","Lunenburg","2007-2011","7676","759","9.9","1.9"
"701","Mendon","Worcester County","MA","Mendon","2007-2011","4224","368","8.7","2.1"
"702","Milford","Worcester County","MA","Milford","2007-2011","21394","1683","7.9","1.3"
"703","Millbury","Worcester County","MA","Millbury","2007-2011","10522","1014","9.6","1.7"
"704","Millville","Worcester County","MA","Millville","2007-2011","2273","182","8","2.5"
"705","New Braintree","Worcester County","MA","New Braintree","2007-2011","825","79","9.6","3.8"
"706","Northborough","Worcester County","MA","Northborough","2007-2011","10330","741","7.2","1.4"
"707","Northbridge","Worcester County","MA","Northbridge","2007-2011","11369","1228","10.8","1.9"
"708","North Brookfield","Worcester County","MA","North Brookfield","2007-2011","3544","420","11.9","3.9"
"709","Oakham","Worcester County","MA","Oakham","2007-2011","1412","149","10.6","2.5"
"710","Oxford","Worcester County","MA","Oxford","2007-2011","10501","1073","10.2","2"
"711","Paxton","Worcester County","MA","Paxton","2007-2011","3701","476","12.9","3.1"
"712","Petersham","Worcester County","MA","Petersham","2007-2011","1028","108","10.5","3.1"
"713","Phillipston","Worcester County","MA","Phillipston","2007-2011","1445","140","9.7","2.2"
"714","Princeton","Worcester County","MA","Princeton","2007-2011","2515","185","7.4","2.6"
"715","Royalston","Worcester County","MA","Royalston","2007-2011","858","118","13.8","3.1"
"716","Rutland","Worcester County","MA","Rutland","2007-2011","5569","912","16.4","3.1"
"717","Shrewsbury","Worcester County","MA","Shrewsbury","2007-2011","25633","2433","9.5","1"
"718","Southborough","Worcester County","MA","Southborough","2007-2011","6791","559","8.2","1.8"
"719","Southbridge","Worcester County","MA","Southbridge","2007-2011","12486","1336","10.7","1.6"
"720","Spencer","Worcester County","MA","Spencer","2007-2011","9274","1182","12.7","2.2"
"721","Sterling","Worcester County","MA","Sterling","2007-2011","5772","440","7.6","2.1"
"722","Sturbridge","Worcester County","MA","Sturbridge","2007-2011","6925","695","10","2.3"
"723","Sutton","Worcester County","MA","Sutton","2007-2011","6642","790","11.9","2.4"
"724","Templeton","Worcester County","MA","Templeton","2007-2011","5978","699","11.7","3"
"725","Upton","Worcester County","MA","Upton","2007-2011","5282","361","6.8","1.8"
"726","Uxbridge","Worcester County","MA","Uxbridge","2007-2011","9878","1173","11.9","1.8"
"727","Warren","Worcester County","MA","Warren","2007-2011","3875","467","12.1","3.5"
"728","Webster","Worcester County","MA","Webster","2007-2011","13183","1388","10.5","1.6"
"729","Westborough","Worcester County","MA","Westborough","2007-2011","13449","920","6.8","1.4"
"730","West Boylston","Worcester County","MA","West Boylston","2007-2011","6310","673","10.7","2.6"
"731","West Brookfield","Worcester County","MA","West Brookfield","2007-2011","3047","310","10.2","3"
"732","Westminster","Worcester County","MA","Westminster","2007-2011","5479","637","11.6","2.9"
"733","Winchendon","Worcester County","MA","Winchendon","2007-2011","7705","973","12.6","2.4"
"734","Worcester","Worcester County","MA","Worcester","2007-2011","140993","10173","7.2","0.4"
"735",NA,"NA County",NA,"United States","2008-2012","234029580","21853912","9.3","0.1"
"736",NA,"NA County","MA","MA","2008-2012","5138208","400874","7.8","0.1"
"737",NA,"Barnstable County","MA","Barnstable County","2008-2012","177957","22648","12.7","0.4"
"738",NA,"Berkshire County","MA","Berkshire County","2008-2012","105429","10880","10.3","0.5"
"739",NA,"Bristol County","MA","Bristol County","2008-2012","426363","35363","8.3","0.3"
"740",NA,"Dukes County","MA","Dukes County","2008-2012","13414","1212","9","1.7"
"741",NA,"Essex County","MA","Essex County","2008-2012","572677","44748","7.8","0.2"
"742",NA,"Franklin County","MA","Franklin County","2008-2012","57444","6134","10.7","0.5"
"743",NA,"Hampden County","MA","Hampden County","2008-2012","354185","34026","9.6","0.3"
"744",NA,"Hampshire County","MA","Hampshire County","2008-2012","132281","10339","7.8","0.5"
"745",NA,"Middlesex County","MA","Middlesex County","2008-2012","1185792","78649","6.6","0.1"
"746",NA,"Nantucket County","MA","Nantucket County","2008-2012","7966","565","7.1","2"
"747",NA,"Norfolk County","MA","Norfolk County","2008-2012","520538","39656","7.6","0.2"
"748",NA,"Plymouth County","MA","Plymouth County","2008-2012","376259","36845","9.8","0.2"
"749",NA,"Suffolk County","MA","Suffolk County","2008-2012","595949","24215","4.1","0.1"
"750",NA,"Worcester County","MA","Worcester County","2008-2012","611954","55594","9.1","0.2"
"751","Barnstable","Barnstable County","MA","Barnstable","2008-2012","36801","4124","11.2","1"
"752","Bourne","Barnstable County","MA","Bourne","2008-2012","15673","2017","12.9","1.6"
"753","Brewster","Barnstable County","MA","Brewster","2008-2012","8245","1055","12.8","2.1"
"754","Chatham","Barnstable County","MA","Chatham","2008-2012","5350","825","15.4","2.5"
"755","Dennis","Barnstable County","MA","Dennis","2008-2012","11730","1541","13.1","1.6"
"756","Eastham","Barnstable County","MA","Eastham","2008-2012","4412","576","13.1","3.3"
"757","Falmouth","Barnstable County","MA","Falmouth","2008-2012","26163","3655","14","1.3"
"758","Harwich","Barnstable County","MA","Harwich","2008-2012","10309","1394","13.5","1.8"
"759","Mashpee","Barnstable County","MA","Mashpee","2008-2012","11107","1472","13.3","1.8"
"760","Orleans","Barnstable County","MA","Orleans","2008-2012","5357","859","16","2.8"
"761","Provincetown","Barnstable County","MA","Provincetown","2008-2012","2807","249","8.9","3.4"
"762","Sandwich","Barnstable County","MA","Sandwich","2008-2012","15428","1816","11.8","1.4"
"763","Truro","Barnstable County","MA","Truro","2008-2012","1512","189","12.5","5.3"
"764","Wellfleet","Barnstable County","MA","Wellfleet","2008-2012","2783","307","11","4.2"
"765","Yarmouth","Barnstable County","MA","Yarmouth","2008-2012","20280","2569","12.7","1.5"
"766","Adams","Berkshire County","MA","Adams","2008-2012","6615","712","10.8","2.3"
"767","Alford","Berkshire County","MA","Alford","2008-2012","400","57","14.3","4.1"
"768","Becket","Berkshire County","MA","Becket","2008-2012","1603","135","8.4","3.7"
"769","Cheshire","Berkshire County","MA","Cheshire","2008-2012","2627","330","12.6","3.4"
"770","Clarksburg","Berkshire County","MA","Clarksburg","2008-2012","1405","181","12.9","3"
"771","Dalton","Berkshire County","MA","Dalton","2008-2012","5366","535","10","2.6"
"772","Egremont","Berkshire County","MA","Egremont","2008-2012","908","100","11","3"
"773","Florida","Berkshire County","MA","Florida","2008-2012","563","68","12.1","4.8"
"774","Great Barrington","Berkshire County","MA","Great Barrington","2008-2012","6011","389","6.5","2.2"
"775","Hancock","Berkshire County","MA","Hancock","2008-2012","509","65","12.8","4.5"
"776","Hinsdale","Berkshire County","MA","Hinsdale","2008-2012","1758","248","14.1","3.8"
"777","Lanesborough","Berkshire County","MA","Lanesborough","2008-2012","2389","298","12.5","4.7"
"778","Lee","Berkshire County","MA","Lee","2008-2012","4828","560","11.6","3.1"
"779","Lenox","Berkshire County","MA","Lenox","2008-2012","3735","392","10.5","2.8"
"780","Monterey","Berkshire County","MA","Monterey","2008-2012","641","177","27.6","24.4"
"781","Mount Washington","Berkshire County","MA","Mount Washington","2008-2012","135","8","5.9","4"
"782","New Ashford","Berkshire County","MA","New Ashford","2008-2012","190","18","9.5","4.8"
"783","New Marlborough","Berkshire County","MA","New Marlborough","2008-2012","1227","125","10.2","3.8"
"784","North Adams","Berkshire County","MA","North Adams","2008-2012","11435","1078","9.4","1.5"
"785","Otis","Berkshire County","MA","Otis","2008-2012","1088","139","12.8","3.6"
"786","Peru","Berkshire County","MA","Peru","2008-2012","713","40","5.6","1.9"
"787","Pittsfield","Berkshire County","MA","Pittsfield","2008-2012","35180","3389","9.6","0.9"
"788","Richmond","Berkshire County","MA","Richmond","2008-2012","1343","181","13.5","2.9"
"789","Sandisfield","Berkshire County","MA","Sandisfield","2008-2012","736","72","9.8","4.7"
"790","Savoy","Berkshire County","MA","Savoy","2008-2012","535","78","14.6","4.3"
"791","Sheffield","Berkshire County","MA","Sheffield","2008-2012","2642","300","11.4","3.8"
"792","Stockbridge","Berkshire County","MA","Stockbridge","2008-2012","1598","212","13.3","4.1"
"793","Tyringham","Berkshire County","MA","Tyringham","2008-2012","330","39","11.8","5.3"
"794","Washington","Berkshire County","MA","Washington","2008-2012","459","62","13.5","5.2"
"795","West Stockbridge","Berkshire County","MA","West Stockbridge","2008-2012","1266","99","7.8","2.9"
"796","Williamstown","Berkshire County","MA","Williamstown","2008-2012","6509","708","10.9","2.1"
"797","Windsor","Berkshire County","MA","Windsor","2008-2012","685","85","12.4","3.8"
"798","Acushnet","Bristol County","MA","Acushnet","2008-2012","8361","813","9.7","2.1"
"799","Attleboro","Bristol County","MA","Attleboro","2008-2012","33516","2948","8.8","1.2"
"800","Berkley","Bristol County","MA","Berkley","2008-2012","4629","423","9.1","2.2"
"801","Dartmouth","Bristol County","MA","Dartmouth","2008-2012","28203","2238","7.9","1"
"802","Dighton","Bristol County","MA","Dighton","2008-2012","5318","547","10.3","2.9"
"803","Easton","Bristol County","MA","Easton","2008-2012","18086","1293","7.1","1.2"
"804","Fairhaven","Bristol County","MA","Fairhaven","2008-2012","13151","1375","10.5","1.4"
"805","Fall River","Bristol County","MA","Fall River","2008-2012","69687","5219","7.5","0.6"
"806","Freetown","Bristol County","MA","Freetown","2008-2012","6812","734","10.8","1.8"
"807","Mansfield","Bristol County","MA","Mansfield","2008-2012","16507","1096","6.6","1.3"
"808","New Bedford","Bristol County","MA","New Bedford","2008-2012","72822","4966","6.8","0.5"
"809","North Attleborough","Bristol County","MA","North Attleborough","2008-2012","20590","2230","10.8","1.5"
"810","Norton","Bristol County","MA","Norton","2008-2012","14801","912","6.2","1.3"
"811","Raynham","Bristol County","MA","Raynham","2008-2012","10024","1077","10.7","2.1"
"812","Rehoboth","Bristol County","MA","Rehoboth","2008-2012","9034","799","8.8","1.8"
"813","Seekonk","Bristol County","MA","Seekonk","2008-2012","10719","945","8.8","1.5"
"814","Somerset","Bristol County","MA","Somerset","2008-2012","14720","1430","9.7","1.8"
"815","Swansea","Bristol County","MA","Swansea","2008-2012","12978","1383","10.7","1.5"
"816","Taunton","Bristol County","MA","Taunton","2008-2012","43766","3617","8.3","0.8"
"817","Westport","Bristol County","MA","Westport","2008-2012","12639","1318","10.4","1.7"
"818","Aquinnah","Dukes County","MA","Aquinnah","2008-2012","318","5","1.6","1.6"
"819","Chilmark","Dukes County","MA","Chilmark","2008-2012","677","77","11.4","4.1"
"820","Edgartown","Dukes County","MA","Edgartown","2008-2012","3608","231","6.4","3"
"821","Gosnold","Dukes County","MA","Gosnold","2008-2012","165","13","7.9","8.5"
"822","Oak Bluffs","Dukes County","MA","Oak Bluffs","2008-2012","3543","448","12.6","3.2"
"823","Tisbury","Dukes County","MA","Tisbury","2008-2012","3107","302","9.7","4.2"
"824","West Tisbury","Dukes County","MA","West Tisbury","2008-2012","1996","136","6.8","3.1"
"825","Amesbury","Essex County","MA","Amesbury","2008-2012","12839","1126","8.8","1.6"
"826","Andover","Essex County","MA","Andover","2008-2012","24640","1543","6.3","0.9"
"827","Beverly","Essex County","MA","Beverly","2008-2012","32389","2817","8.7","0.8"
"828","Boxford","Essex County","MA","Boxford","2008-2012","5843","597","10.2","2.4"
"829","Danvers","Essex County","MA","Danvers","2008-2012","20966","2112","10.1","1.3"
"830","Essex","Essex County","MA","Essex","2008-2012","2762","230","8.3","2.8"
"831","Georgetown","Essex County","MA","Georgetown","2008-2012","5921","487","8.2","1.6"
"832","Gloucester","Essex County","MA","Gloucester","2008-2012","23567","2156","9.1","1"
"833","Groveland","Essex County","MA","Groveland","2008-2012","4951","452","9.1","2.4"
"834","Hamilton","Essex County","MA","Hamilton","2008-2012","5614","481","8.6","2.1"
"835","Haverhill","Essex County","MA","Haverhill","2008-2012","46781","3757","8","0.8"
"836","Ipswich","Essex County","MA","Ipswich","2008-2012","10487","976","9.3","1.4"
"837","Lawrence","Essex County","MA","Lawrence","2008-2012","54274","1964","3.6","0.5"
"838","Lynn","Essex County","MA","Lynn","2008-2012","67830","4223","6.2","0.5"
"839","Lynnfield","Essex County","MA","Lynnfield","2008-2012","8873","665","7.5","1.8"
"840","Manchester-by-the-Sea","Essex County","MA","Manchester-by-the-Sea","2008-2012","3877","290","7.5","2.4"
"841","Marblehead","Essex County","MA","Marblehead","2008-2012","14706","1239","8.4","1.1"
"842","Merrimac","Essex County","MA","Merrimac","2008-2012","4763","415","8.7","2.8"
"843","Methuen","Essex County","MA","Methuen","2008-2012","36074","3043","8.4","0.8"
"844","Middleton","Essex County","MA","Middleton","2008-2012","7103","469","6.6","1.8"
"845","Nahant","Essex County","MA","Nahant","2008-2012","2868","239","8.3","2.3"
"846","Newbury","Essex County","MA","Newbury","2008-2012","5151","455","8.8","2.2"
"847","Newburyport","Essex County","MA","Newburyport","2008-2012","13997","1301","9.3","1.5"
"848","North Andover","Essex County","MA","North Andover","2008-2012","21049","1570","7.5","1.2"
"849","Peabody","Essex County","MA","Peabody","2008-2012","40957","3862","9.4","0.9"
"850","Rockport","Essex County","MA","Rockport","2008-2012","5882","696","11.8","2.7"
"851","Rowley","Essex County","MA","Rowley","2008-2012","4433","509","11.5","3.5"
"852","Salem","Essex County","MA","Salem","2008-2012","33599","2694","8","0.9"
"853","Salisbury","Essex County","MA","Salisbury","2008-2012","6788","844","12.4","2.2"
"854","Saugus","Essex County","MA","Saugus","2008-2012","21457","1905","8.9","1.3"
"855","Swampscott","Essex County","MA","Swampscott","2008-2012","10738","880","8.2","1.8"
"856","Topsfield","Essex County","MA","Topsfield","2008-2012","4497","303","6.7","2.3"
"857","Wenham","Essex County","MA","Wenham","2008-2012","3955","227","5.7","2"
"858","West Newbury","Essex County","MA","West Newbury","2008-2012","3046","221","7.3","2.2"
"859","Ashfield","Franklin County","MA","Ashfield","2008-2012","1327","111","8.4","2.8"
"860","Bernardston","Franklin County","MA","Bernardston","2008-2012","1703","227","13.3","3.3"
"861","Buckland","Franklin County","MA","Buckland","2008-2012","1685","161","9.6","3.2"
"862","Charlemont","Franklin County","MA","Charlemont","2008-2012","1059","155","14.6","3.5"
"863","Colrain","Franklin County","MA","Colrain","2008-2012","1352","167","12.4","2.9"
"864","Conway","Franklin County","MA","Conway","2008-2012","1514","140","9.2","2.1"
"865","Deerfield","Franklin County","MA","Deerfield","2008-2012","4065","341","8.4","2.6"
"866","Erving","Franklin County","MA","Erving","2008-2012","1298","156","12","2.4"
"867","Gill","Franklin County","MA","Gill","2008-2012","1316","132","10","3.1"
"868","Greenfield","Franklin County","MA","Greenfield","2008-2012","14081","1373","9.8","1.4"
"869","Hawley","Franklin County","MA","Hawley","2008-2012","323","53","16.4","4.9"
"870","Heath","Franklin County","MA","Heath","2008-2012","459","50","10.9","4.4"
"871","Leverett","Franklin County","MA","Leverett","2008-2012","1461","130","8.9","1.9"
"872","Leyden","Franklin County","MA","Leyden","2008-2012","588","74","12.6","4.2"
"873","Monroe","Franklin County","MA","Monroe","2008-2012","90","8","8.9","9.2"
"874","Montague","Franklin County","MA","Montague","2008-2012","6762","684","10.1","1.8"
"875","New Salem","Franklin County","MA","New Salem","2008-2012","776","89","11.5","3.6"
"876","Northfield","Franklin County","MA","Northfield","2008-2012","2437","247","10.1","2.3"
"877","Orange","Franklin County","MA","Orange","2008-2012","5915","968","16.4","3.1"
"878","Rowe","Franklin County","MA","Rowe","2008-2012","360","73","20.3","5.8"
"879","Shelburne","Franklin County","MA","Shelburne","2008-2012","1632","191","11.7","3.6"
"880","Shutesbury","Franklin County","MA","Shutesbury","2008-2012","1399","105","7.5","2.3"
"881","Sunderland","Franklin County","MA","Sunderland","2008-2012","3117","192","6.2","2.6"
"882","Warwick","Franklin County","MA","Warwick","2008-2012","541","86","15.9","4.3"
"883","Wendell","Franklin County","MA","Wendell","2008-2012","885","96","10.8","3.4"
"884","Whately","Franklin County","MA","Whately","2008-2012","1299","125","9.6","2.9"
"885","Agawam","Hampden County","MA","Agawam","2008-2012","22551","2483","11","1.4"
"886","Blandford","Hampden County","MA","Blandford","2008-2012","908","118","13","2.9"
"887","Brimfield","Hampden County","MA","Brimfield","2008-2012","2789","463","16.6","4.8"
"888","Chester","Hampden County","MA","Chester","2008-2012","1070","159","14.9","3.1"
"889","Chicopee","Hampden County","MA","Chicopee","2008-2012","43507","5124","11.8","0.8"
"890","East Longmeadow","Hampden County","MA","East Longmeadow","2008-2012","11942","1417","11.9","1.4"
"891","Granville","Hampden County","MA","Granville","2008-2012","1149","146","12.7","3.2"
"892","Hampden","Hampden County","MA","Hampden","2008-2012","4146","509","12.3","2.4"
"893","Holland","Hampden County","MA","Holland","2008-2012","1994","281","14.1","3.3"
"894","Holyoke","Hampden County","MA","Holyoke","2008-2012","29786","2620","8.8","1.2"
"895","Longmeadow","Hampden County","MA","Longmeadow","2008-2012","11953","1052","8.8","1.6"
"896","Ludlow","Hampden County","MA","Ludlow","2008-2012","17249","1393","8.1","1.3"
"897","Monson","Hampden County","MA","Monson","2008-2012","6713","715","10.7","2.8"
"898","Montgomery","Hampden County","MA","Montgomery","2008-2012","723","121","16.7","4"
"899","Palmer","Hampden County","MA","Palmer","2008-2012","9592","1189","12.4","2.4"
"900","Russell","Hampden County","MA","Russell","2008-2012","1313","151","11.5","3.2"
"901","Southwick","Hampden County","MA","Southwick","2008-2012","7478","908","12.1","2.6"
"902","Springfield","Hampden County","MA","Springfield","2008-2012","111690","8361","7.5","0.5"
"903","Tolland","Hampden County","MA","Tolland","2008-2012","391","58","14.8","4.8"
"904","Wales","Hampden County","MA","Wales","2008-2012","1579","230","14.6","3.1"
"905","Westfield","Hampden County","MA","Westfield","2008-2012","32437","3032","9.3","1"
"906","West Springfield","Hampden County","MA","West Springfield","2008-2012","22146","2341","10.6","1.3"
"907","Wilbraham","Hampden County","MA","Wilbraham","2008-2012","11079","1155","10.4","1.8"
"908","Amherst","Hampshire County","MA","Amherst","2008-2012","34691","806","2.3","0.6"
"909","Belchertown","Hampshire County","MA","Belchertown","2008-2012","10985","1371","12.5","2.2"
"910","Chesterfield","Hampshire County","MA","Chesterfield","2008-2012","918","125","13.6","3.5"
"911","Cummington","Hampshire County","MA","Cummington","2008-2012","775","78","10.1","3"
"912","Easthampton","Hampshire County","MA","Easthampton","2008-2012","13434","1295","9.6","1.8"
"913","Goshen","Hampshire County","MA","Goshen","2008-2012","868","66","7.6","3"
"914","Granby","Hampshire County","MA","Granby","2008-2012","4895","489","10","2.4"
"915","Hadley","Hampshire County","MA","Hadley","2008-2012","4347","508","11.7","2.9"
"916","Hatfield","Hampshire County","MA","Hatfield","2008-2012","2612","308","11.8","3.6"
"917","Huntington","Hampshire County","MA","Huntington","2008-2012","1647","202","12.3","3.4"
"918","Middlefield","Hampshire County","MA","Middlefield","2008-2012","323","49","15.2","7.2"
"919","Northampton","Hampshire County","MA","Northampton","2008-2012","23837","1713","7.2","0.9"
"920","Pelham","Hampshire County","MA","Pelham","2008-2012","1046","77","7.4","1.8"
"921","Plainfield","Hampshire County","MA","Plainfield","2008-2012","455","52","11.4","3"
"922","Southampton","Hampshire County","MA","Southampton","2008-2012","4580","541","11.8","3.2"
"923","South Hadley","Hampshire County","MA","South Hadley","2008-2012","14725","1441","9.8","1.4"
"924","Ware","Hampshire County","MA","Ware","2008-2012","7651","732","9.6","1.8"
"925","Westhampton","Hampshire County","MA","Westhampton","2008-2012","1266","110","8.7","1.9"
"926","Williamsburg","Hampshire County","MA","Williamsburg","2008-2012","2219","269","12.1","2.8"
"927","Worthington","Hampshire County","MA","Worthington","2008-2012","1007","107","10.6","3"
"928","Acton","Middlesex County","MA","Acton","2008-2012","15849","959","6.1","1.1"
"929","Arlington","Middlesex County","MA","Arlington","2008-2012","33967","1971","5.8","0.7"
"930","Ashby","Middlesex County","MA","Ashby","2008-2012","2342","260","11.1","2.5"
"931","Ashland","Middlesex County","MA","Ashland","2008-2012","12430","896","7.2","1.5"
"932","Ayer","Middlesex County","MA","Ayer","2008-2012","5917","690","11.7","3.3"
"933","Bedford","Middlesex County","MA","Bedford","2008-2012","9887","1166","11.8","2.7"
"934","Belmont","Middlesex County","MA","Belmont","2008-2012","18755","900","4.8","0.8"
"935","Billerica","Middlesex County","MA","Billerica","2008-2012","30847","2753","8.9","0.9"
"936","Boxborough","Middlesex County","MA","Boxborough","2008-2012","3714","298","8","2.3"
"937","Burlington","Middlesex County","MA","Burlington","2008-2012","19141","1571","8.2","1.4"
"938","Cambridge","Middlesex County","MA","Cambridge","2008-2012","91703","2985","3.3","0.4"
"939","Carlisle","Middlesex County","MA","Carlisle","2008-2012","3737","221","5.9","2.3"
"940","Chelmsford","Middlesex County","MA","Chelmsford","2008-2012","25922","2492","9.6","1"
"941","Concord","Middlesex County","MA","Concord","2008-2012","13806","1341","9.7","1.2"
"942","Dracut","Middlesex County","MA","Dracut","2008-2012","22353","1842","8.2","1.1"
"943","Dunstable","Middlesex County","MA","Dunstable","2008-2012","2337","138","5.9","1.8"
"944","Everett","Middlesex County","MA","Everett","2008-2012","32695","2005","6.1","1"
"945","Framingham","Middlesex County","MA","Framingham","2008-2012","54383","3008","5.5","0.6"
"946","Groton","Middlesex County","MA","Groton","2008-2012","7724","560","7.3","2.2"
"947","Holliston","Middlesex County","MA","Holliston","2008-2012","9908","895","9","1.4"
"948","Hopkinton","Middlesex County","MA","Hopkinton","2008-2012","10075","791","7.9","1.5"
"949","Hudson","Middlesex County","MA","Hudson","2008-2012","14831","1114","7.5","1.2"
"950","Lexington","Middlesex County","MA","Lexington","2008-2012","23311","1508","6.5","0.9"
"951","Lincoln","Middlesex County","MA","Lincoln","2008-2012","4057","441","10.9","2.8"
"952","Littleton","Middlesex County","MA","Littleton","2008-2012","6654","396","6","1.5"
"953","Lowell","Middlesex County","MA","Lowell","2008-2012","82700","5238","6.3","0.5"
"954","Malden","Middlesex County","MA","Malden","2008-2012","47625","2517","5.3","0.6"
"955","Marlborough","Middlesex County","MA","Marlborough","2008-2012","30602","2536","8.3","1"
"956","Maynard","Middlesex County","MA","Maynard","2008-2012","7968","681","8.5","2.2"
"957","Medford","Middlesex County","MA","Medford","2008-2012","47695","3126","6.6","0.6"
"958","Melrose","Middlesex County","MA","Melrose","2008-2012","21354","1461","6.8","1.1"
"959","Natick","Middlesex County","MA","Natick","2008-2012","24913","1749","7","1.1"
"960","Newton","Middlesex County","MA","Newton","2008-2012","66535","3485","5.2","0.5"
"961","North Reading","Middlesex County","MA","North Reading","2008-2012","11243","856","7.6","1.6"
"962","Pepperell","Middlesex County","MA","Pepperell","2008-2012","8797","809","9.2","1.5"
"963","Reading","Middlesex County","MA","Reading","2008-2012","18263","1510","8.3","1.1"
"964","Sherborn","Middlesex County","MA","Sherborn","2008-2012","2931","213","7.3","1.9"
"965","Shirley","Middlesex County","MA","Shirley","2008-2012","5908","601","10.2","3.2"
"966","Somerville","Middlesex County","MA","Somerville","2008-2012","65766","2609","4","0.6"
"967","Stoneham","Middlesex County","MA","Stoneham","2008-2012","17301","1884","10.9","1.6"
"968","Stow","Middlesex County","MA","Stow","2008-2012","4762","439","9.2","2.2"
"969","Sudbury","Middlesex County","MA","Sudbury","2008-2012","12113","869","7.2","1.3"
"970","Tewksbury","Middlesex County","MA","Tewksbury","2008-2012","22820","2044","9","1.2"
"971","Townsend","Middlesex County","MA","Townsend","2008-2012","6734","573","8.5","1.8"
"972","Tyngsborough","Middlesex County","MA","Tyngsborough","2008-2012","8826","611","6.9","1.6"
"973","Wakefield","Middlesex County","MA","Wakefield","2008-2012","19645","1690","8.6","1.2"
"974","Waltham","Middlesex County","MA","Waltham","2008-2012","52075","2771","5.3","0.6"
"975","Watertown","Middlesex County","MA","Watertown","2008-2012","27334","1447","5.3","1.1"
"976","Wayland","Middlesex County","MA","Wayland","2008-2012","9561","895","9.4","2.1"
"977","Westford","Middlesex County","MA","Westford","2008-2012","15416","1047","6.8","1.1"
"978","Weston","Middlesex County","MA","Weston","2008-2012","8209","735","9","1.9"
"979","Wilmington","Middlesex County","MA","Wilmington","2008-2012","16599","1597","9.6","1.4"
"980","Winchester","Middlesex County","MA","Winchester","2008-2012","15380","1102","7.2","1.3"
"981","Woburn","Middlesex County","MA","Woburn","2008-2012","30372","2353","7.7","0.9"
"982","Nantucket","Nantucket County","MA","Nantucket","2008-2012","7966","565","7.1","2"
"983","Avon","Norfolk County","MA","Avon","2008-2012","3495","404","11.6","3.3"
"984","Bellingham","Norfolk County","MA","Bellingham","2008-2012","12688","1254","9.9","1.8"
"985","Braintree","Norfolk County","MA","Braintree","2008-2012","27646","2428","8.8","0.9"
"986","Brookline","Norfolk County","MA","Brookline","2008-2012","47703","1615","3.4","0.5"
"987","Canton","Norfolk County","MA","Canton","2008-2012","16332","1387","8.5","1"
"988","Cohasset","Norfolk County","MA","Cohasset","2008-2012","5602","471","8.4","2.2"
"989","Dedham","Norfolk County","MA","Dedham","2008-2012","19591","1732","8.8","1.2"
"990","Dover","Norfolk County","MA","Dover","2008-2012","3924","222","5.7","1.8"
"991","Foxborough","Norfolk County","MA","Foxborough","2008-2012","12783","1046","8.2","1.4"
"992","Franklin","Norfolk County","MA","Franklin","2008-2012","22633","1411","6.2","0.9"
"993","Holbrook","Norfolk County","MA","Holbrook","2008-2012","8472","768","9.1","2.1"
"994","Medfield","Norfolk County","MA","Medfield","2008-2012","8462","635","7.5","1.9"
"995","Medway","Norfolk County","MA","Medway","2008-2012","9310","753","8.1","1.8"
"996","Millis","Norfolk County","MA","Millis","2008-2012","5985","574","9.6","3"
"997","Milton","Norfolk County","MA","Milton","2008-2012","20247","1454","7.2","1.3"
"998","Needham","Norfolk County","MA","Needham","2008-2012","21107","1553","7.4","1"
"999","Norfolk","Norfolk County","MA","Norfolk","2008-2012","8801","705","8","1.6"
"1000","Norwood","Norfolk County","MA","Norwood","2008-2012","22690","1995","8.8","1.2"
"1001","Plainville","Norfolk County","MA","Plainville","2008-2012","6342","541","8.5","3.5"
"1002","Quincy","Norfolk County","MA","Quincy","2008-2012","77411","5873","7.6","0.7"
"1003","Randolph","Norfolk County","MA","Randolph","2008-2012","25129","1488","5.9","1.2"
"1004","Sharon","Norfolk County","MA","Sharon","2008-2012","12621","828","6.6","1.3"
"1005","Stoughton","Norfolk County","MA","Stoughton","2008-2012","21639","1605","7.4","1"
"1006","Walpole","Norfolk County","MA","Walpole","2008-2012","18326","1772","9.7","1.3"
"1007","Wellesley","Norfolk County","MA","Wellesley","2008-2012","20875","1447","6.9","1.1"
"1008","Westwood","Norfolk County","MA","Westwood","2008-2012","10293","765","7.4","1.4"
"1009","Weymouth","Norfolk County","MA","Weymouth","2008-2012","42352","4394","10.4","0.9"
"1010","Wrentham","Norfolk County","MA","Wrentham","2008-2012","8079","536","6.6","1.4"
"1011","Abington","Plymouth County","MA","Abington","2008-2012","12157","1245","10.2","1.7"
"1012","Bridgewater","Plymouth County","MA","Bridgewater","2008-2012","21354","1907","8.9","1.3"
"1013","Brockton","Plymouth County","MA","Brockton","2008-2012","69475","5144","7.4","0.7"
"1014","Carver","Plymouth County","MA","Carver","2008-2012","8624","951","11","1.9"
"1015","Duxbury","Plymouth County","MA","Duxbury","2008-2012","10679","1137","10.6","1.5"
"1016","East Bridgewater","Plymouth County","MA","East Bridgewater","2008-2012","10606","1107","10.4","1.6"
"1017","Halifax","Plymouth County","MA","Halifax","2008-2012","5804","458","7.9","2.3"
"1018","Hanover","Plymouth County","MA","Hanover","2008-2012","10168","966","9.5","1.9"
"1019","Hanson","Plymouth County","MA","Hanson","2008-2012","7515","708","9.4","1.6"
"1020","Hingham","Plymouth County","MA","Hingham","2008-2012","16376","1729","10.6","1.4"
"1021","Hull","Plymouth County","MA","Hull","2008-2012","8652","876","10.1","1.6"
"1022","Kingston","Plymouth County","MA","Kingston","2008-2012","9541","1056","11.1","2.6"
"1023","Lakeville","Plymouth County","MA","Lakeville","2008-2012","8004","820","10.2","2"
"1024","Marion","Plymouth County","MA","Marion","2008-2012","3929","391","10","3.2"
"1025","Marshfield","Plymouth County","MA","Marshfield","2008-2012","18972","1835","9.7","1.3"
"1026","Mattapoisett","Plymouth County","MA","Mattapoisett","2008-2012","4707","568","12.1","2.7"
"1027","Middleborough","Plymouth County","MA","Middleborough","2008-2012","17542","2047","11.7","1.5"
"1028","Norwell","Plymouth County","MA","Norwell","2008-2012","7405","654","8.8","1.6"
"1029","Pembroke","Plymouth County","MA","Pembroke","2008-2012","13113","1146","8.7","1.8"
"1030","Plymouth","Plymouth County","MA","Plymouth","2008-2012","44201","4907","11.1","1"
"1031","Plympton","Plymouth County","MA","Plympton","2008-2012","2269","245","10.8","3.1"
"1032","Rochester","Plymouth County","MA","Rochester","2008-2012","3973","442","11.1","2.4"
"1033","Rockland","Plymouth County","MA","Rockland","2008-2012","13754","1329","9.7","1.6"
"1034","Scituate","Plymouth County","MA","Scituate","2008-2012","13492","1434","10.6","1.6"
"1035","Wareham","Plymouth County","MA","Wareham","2008-2012","17533","1986","11.3","1.6"
"1036","West Bridgewater","Plymouth County","MA","West Bridgewater","2008-2012","5430","651","12","2.2"
"1037","Whitman","Plymouth County","MA","Whitman","2008-2012","10984","1106","10.1","1.6"
"1038","Boston","Suffolk County","MA","Boston","2008-2012","514617","19585","3.8","0.2"
"1039","Chelsea","Suffolk County","MA","Chelsea","2008-2012","26005","902","3.5","1.7"
"1040","Revere","Suffolk County","MA","Revere","2008-2012","40909","2407","5.9","0.8"
"1041","Winthrop","Suffolk County","MA","Winthrop","2008-2012","14418","1321","9.2","1.4"
"1042","Ashburnham","Worcester County","MA","Ashburnham","2008-2012","4559","502","11","3.1"
"1043","Athol","Worcester County","MA","Athol","2008-2012","8726","1040","11.9","1.7"
"1044","Auburn","Worcester County","MA","Auburn","2008-2012","12808","1347","10.5","1.4"
"1045","Barre","Worcester County","MA","Barre","2008-2012","4054","366","9","3.4"
"1046","Berlin","Worcester County","MA","Berlin","2008-2012","2261","285","12.6","3.9"
"1047","Blackstone","Worcester County","MA","Blackstone","2008-2012","6774","727","10.7","2.2"
"1048","Bolton","Worcester County","MA","Bolton","2008-2012","3455","192","5.6","1.8"
"1049","Boylston","Worcester County","MA","Boylston","2008-2012","3337","223","6.7","1.8"
"1050","Brookfield","Worcester County","MA","Brookfield","2008-2012","2567","346","13.5","3"
"1051","Charlton","Worcester County","MA","Charlton","2008-2012","9503","1025","10.8","1.6"
"1052","Clinton","Worcester County","MA","Clinton","2008-2012","10577","901","8.5","1.9"
"1053","Douglas","Worcester County","MA","Douglas","2008-2012","6106","599","9.8","2.6"
"1054","Dudley","Worcester County","MA","Dudley","2008-2012","8647","907","10.5","2.4"
"1055","East Brookfield","Worcester County","MA","East Brookfield","2008-2012","1710","152","8.9","2.8"
"1056","Fitchburg","Worcester County","MA","Fitchburg","2008-2012","31556","2751","8.7","1"
"1057","Gardner","Worcester County","MA","Gardner","2008-2012","16070","1923","12","1.4"
"1058","Grafton","Worcester County","MA","Grafton","2008-2012","12896","908","7","1.2"
"1059","Hardwick","Worcester County","MA","Hardwick","2008-2012","2330","343","14.7","3.6"
"1060","Harvard","Worcester County","MA","Harvard","2008-2012","5039","533","10.6","2.5"
"1061","Holden","Worcester County","MA","Holden","2008-2012","13178","1143","8.7","1.2"
"1062","Hopedale","Worcester County","MA","Hopedale","2008-2012","4369","279","6.4","2.4"
"1063","Hubbardston","Worcester County","MA","Hubbardston","2008-2012","3302","381","11.5","3.4"
"1064","Lancaster","Worcester County","MA","Lancaster","2008-2012","6287","610","9.7","2.3"
"1065","Leicester","Worcester County","MA","Leicester","2008-2012","8935","1033","11.6","2.1"
"1066","Leominster","Worcester County","MA","Leominster","2008-2012","32209","3157","9.8","1.1"
"1067","Lunenburg","Worcester County","MA","Lunenburg","2008-2012","8038","815","10.1","2.4"
"1068","Mendon","Worcester County","MA","Mendon","2008-2012","4280","317","7.4","2.2"
"1069","Milford","Worcester County","MA","Milford","2008-2012","21256","1645","7.7","1"
"1070","Millbury","Worcester County","MA","Millbury","2008-2012","10392","942","9.1","1.6"
"1071","Millville","Worcester County","MA","Millville","2008-2012","2255","180","8","3"
"1072","New Braintree","Worcester County","MA","New Braintree","2008-2012","808","78","9.7","3"
"1073","Northborough","Worcester County","MA","Northborough","2008-2012","10634","707","6.6","1.2"
"1074","Northbridge","Worcester County","MA","Northbridge","2008-2012","11623","1330","11.4","2"
"1075","North Brookfield","Worcester County","MA","North Brookfield","2008-2012","3623","382","10.5","3.8"
"1076","Oakham","Worcester County","MA","Oakham","2008-2012","1400","141","10.1","2"
"1077","Oxford","Worcester County","MA","Oxford","2008-2012","10407","1009","9.7","1.8"
"1078","Paxton","Worcester County","MA","Paxton","2008-2012","3762","364","9.7","2.3"
"1079","Petersham","Worcester County","MA","Petersham","2008-2012","1015","90","8.9","2.6"
"1080","Phillipston","Worcester County","MA","Phillipston","2008-2012","1468","149","10.1","2.7"
"1081","Princeton","Worcester County","MA","Princeton","2008-2012","2493","168","6.7","2.3"
"1082","Royalston","Worcester County","MA","Royalston","2008-2012","861","118","13.7","4.3"
"1083","Rutland","Worcester County","MA","Rutland","2008-2012","5759","880","15.3","3.1"
"1084","Shrewsbury","Worcester County","MA","Shrewsbury","2008-2012","26052","2332","9","1.3"
"1085","Southborough","Worcester County","MA","Southborough","2008-2012","6947","561","8.1","1.6"
"1086","Southbridge","Worcester County","MA","Southbridge","2008-2012","12579","1144","9.1","1.4"
"1087","Spencer","Worcester County","MA","Spencer","2008-2012","9160","1249","13.6","2.9"
"1088","Sterling","Worcester County","MA","Sterling","2008-2012","5807","451","7.8","2.2"
"1089","Sturbridge","Worcester County","MA","Sturbridge","2008-2012","6827","675","9.9","2.5"
"1090","Sutton","Worcester County","MA","Sutton","2008-2012","6653","758","11.4","2.5"
"1091","Templeton","Worcester County","MA","Templeton","2008-2012","5914","648","11","2.5"
"1092","Upton","Worcester County","MA","Upton","2008-2012","5398","315","5.8","1.9"
"1093","Uxbridge","Worcester County","MA","Uxbridge","2008-2012","10086","1088","10.8","2"
"1094","Warren","Worcester County","MA","Warren","2008-2012","3926","459","11.7","4.2"
"1095","Webster","Worcester County","MA","Webster","2008-2012","13311","1357","10.2","1.9"
"1096","Westborough","Worcester County","MA","Westborough","2008-2012","13629","864","6.3","1.3"
"1097","West Boylston","Worcester County","MA","West Boylston","2008-2012","6351","626","9.9","1.8"
"1098","West Brookfield","Worcester County","MA","West Brookfield","2008-2012","3081","285","9.3","2.7"
"1099","Westminster","Worcester County","MA","Westminster","2008-2012","5558","606","10.9","2.4"
"1100","Winchendon","Worcester County","MA","Winchendon","2008-2012","7789","911","11.7","2.4"
"1101","Worcester","Worcester County","MA","Worcester","2008-2012","141557","10277","7.3","0.5"
