"Municipal","County","Five Year Range","Median Rent","Rent Margin of Error"
"Barnstable","Barnstable","2005-2009",920,44
"Barnstable","Barnstable","2006-2010",954,55
"Barnstable","Barnstable","2007-2011",986,67
"Bourne","Barnstable","2005-2009",912,53
"Bourne","Barnstable","2006-2010",946,60
"Bourne","Barnstable","2007-2011",931,113
"Brewster","Barnstable","2005-2009",881,74
"Brewster","Barnstable","2006-2010",868,75
"Brewster","Barnstable","2007-2011",878,90
"Chatham","Barnstable","2005-2009",792,261
"Chatham","Barnstable","2006-2010",845,73
"Chatham","Barnstable","2007-2011",819,150
"Dennis","Barnstable","2005-2009",839,52
"Dennis","Barnstable","2006-2010",867,48
"Dennis","Barnstable","2007-2011",898,41
"Eastham","Barnstable","2005-2009",882,862
"Eastham","Barnstable","2006-2010",889,213
"Eastham","Barnstable","2007-2011",899,361
"Falmouth","Barnstable","2005-2009",808,111
"Falmouth","Barnstable","2006-2010",873,76
"Falmouth","Barnstable","2007-2011",939,56
"Harwich","Barnstable","2005-2009",739,131
"Harwich","Barnstable","2006-2010",917,205
"Harwich","Barnstable","2007-2011",957,115
"Mashpee","Barnstable","2005-2009",902,296
"Mashpee","Barnstable","2006-2010",1072,88
"Mashpee","Barnstable","2007-2011",1112,94
"Barnstable County","Barnstable","2005-2009",888,28
"Barnstable County","Barnstable","2006-2010",918,28
"Barnstable County","Barnstable","2007-2011",945,25
"Orleans","Barnstable","2005-2009",637,199
"Orleans","Barnstable","2006-2010",664,66
"Orleans","Barnstable","2007-2011",679,25
"Provincetown","Barnstable","2005-2009",831,73
"Provincetown","Barnstable","2006-2010",823,116
"Provincetown","Barnstable","2007-2011",807,105
"Sandwich","Barnstable","2005-2009",967,161
"Sandwich","Barnstable","2006-2010",1063,126
"Sandwich","Barnstable","2007-2011",1021,164
"Truro","Barnstable","2005-2009",814,154
"Truro","Barnstable","2006-2010",698,236
"Truro","Barnstable","2007-2011",697,272
"Wellfleet","Barnstable","2005-2009",1071,191
"Wellfleet","Barnstable","2006-2010",1060,697
"Wellfleet","Barnstable","2007-2011",882,273
"Yarmouth","Barnstable","2005-2009",977,55
"Yarmouth","Barnstable","2006-2010",984,71
"Yarmouth","Barnstable","2007-2011",1023,55
"Barnstable County","Barnstable","2008-2012",964,29
"Barnstable","Barnstable","2008-2012",955,79
"Bourne","Barnstable","2008-2012",914,160
"Brewster","Barnstable","2008-2012",946,97
"Chatham","Barnstable","2008-2012",798,64
"Dennis","Barnstable","2008-2012",905,62
"Eastham","Barnstable","2008-2012",1266,288
"Falmouth","Barnstable","2008-2012",953,59
"Harwich","Barnstable","2008-2012",919,133
"Mashpee","Barnstable","2008-2012",1152,125
"Orleans","Barnstable","2008-2012",692,130
"Provincetown","Barnstable","2008-2012",856,137
"Sandwich","Barnstable","2008-2012",1127,173
"Truro","Barnstable","2008-2012",723,260
"Wellfleet","Barnstable","2008-2012",866,297
"Yarmouth","Barnstable","2008-2012",1066,58
"Adams","Berkshire","2005-2009",434,36
"Adams","Berkshire","2006-2010",479,36
"Adams","Berkshire","2007-2011",496,40
"Alford","Berkshire","2005-2009",775,125
"Becket","Berkshire","2005-2009",788,756
"Becket","Berkshire","2006-2010",754,204
"Becket","Berkshire","2007-2011",763,311
"Cheshire","Berkshire","2005-2009",710,50
"Cheshire","Berkshire","2006-2010",701,99
"Cheshire","Berkshire","2007-2011",724,40
"Clarksburg","Berkshire","2005-2009",545,136
"Clarksburg","Berkshire","2006-2010",513,64
"Clarksburg","Berkshire","2007-2011",507,47
"Dalton","Berkshire","2005-2009",548,86
"Dalton","Berkshire","2006-2010",621,124
"Dalton","Berkshire","2007-2011",678,170
"Egremont","Berkshire","2005-2009",819,112
"Egremont","Berkshire","2006-2010",743,124
"Egremont","Berkshire","2007-2011",745,55
"Florida","Berkshire","2005-2009",1038,1034
"Florida","Berkshire","2006-2010",850,1486
"Florida","Berkshire","2007-2011",1288,1392
"Great Barrington","Berkshire","2005-2009",649,55
"Great Barrington","Berkshire","2006-2010",698,54
"Great Barrington","Berkshire","2007-2011",754,67
"Hancock","Berkshire","2005-2009",536,182
"Hancock","Berkshire","2006-2010",563,149
"Hancock","Berkshire","2007-2011",630,293
"Hinsdale","Berkshire","2005-2009",500,92
"Hinsdale","Berkshire","2006-2010",593,147
"Hinsdale","Berkshire","2007-2011",572,213
"Lanesborough","Berkshire","2005-2009",503,280
"Lanesborough","Berkshire","2006-2010",486,148
"Lanesborough","Berkshire","2007-2011",494,296
"Lee","Berkshire","2005-2009",618,56
"Lee","Berkshire","2006-2010",646,42
"Lee","Berkshire","2007-2011",660,26
"Lenox","Berkshire","2005-2009",733,242
"Lenox","Berkshire","2006-2010",800,142
"Lenox","Berkshire","2007-2011",747,125
"Monterey","Berkshire","2005-2009",908,306
"Monterey","Berkshire","2006-2010",1250,353
"Monterey","Berkshire","2007-2011",1000,520
"Mount Washington","Berkshire","2005-2009",1042,135
"Berkshire County","Berkshire","2005-2009",574,23
"Berkshire County","Berkshire","2006-2010",601,16
"Berkshire County","Berkshire","2007-2011",627,19
"New Ashford","Berkshire","2005-2009",806,150
"New Ashford","Berkshire","2006-2010",725,88
"New Ashford","Berkshire","2007-2011",825,124
"New Marlborough","Berkshire","2005-2009",785,183
"New Marlborough","Berkshire","2006-2010",893,79
"New Marlborough","Berkshire","2007-2011",886,92
"North Adams","Berkshire","2005-2009",503,28
"North Adams","Berkshire","2006-2010",516,32
"North Adams","Berkshire","2007-2011",532,25
"Otis","Berkshire","2005-2009",671,26
"Otis","Berkshire","2006-2010",669,459
"Otis","Berkshire","2007-2011",733,607
"Peru","Berkshire","2005-2009",194,112
"Peru","Berkshire","2006-2010",410,236
"Peru","Berkshire","2007-2011",425,256
"Pittsfield","Berkshire","2005-2009",559,29
"Pittsfield","Berkshire","2006-2010",585,27
"Pittsfield","Berkshire","2007-2011",615,29
"Richmond","Berkshire","2005-2009",783,279
"Richmond","Berkshire","2006-2010",742,345
"Richmond","Berkshire","2007-2011",845,278
"Sandisfield","Berkshire","2005-2009",663,39
"Sandisfield","Berkshire","2006-2010",600,195
"Sandisfield","Berkshire","2007-2011",725,185
"Savoy","Berkshire","2005-2009",478,52
"Savoy","Berkshire","2006-2010",492,37
"Savoy","Berkshire","2007-2011",509,54
"Sheffield","Berkshire","2005-2009",688,378
"Sheffield","Berkshire","2006-2010",462,250
"Sheffield","Berkshire","2007-2011",675,361
"Stockbridge","Berkshire","2005-2009",777,146
"Stockbridge","Berkshire","2006-2010",804,141
"Stockbridge","Berkshire","2007-2011",791,232
"Tyringham","Berkshire","2005-2009",660,389
"Tyringham","Berkshire","2006-2010",1078,844
"Tyringham","Berkshire","2007-2011",1063,286
"West Stockbridge","Berkshire","2005-2009",766,403
"West Stockbridge","Berkshire","2006-2010",638,330
"West Stockbridge","Berkshire","2007-2011",630,257
"Williamstown","Berkshire","2005-2009",645,103
"Williamstown","Berkshire","2006-2010",659,82
"Williamstown","Berkshire","2007-2011",720,52
"Windsor","Berkshire","2006-2010",544,134
"Windsor","Berkshire","2007-2011",658,178
"Berkshire County","Berkshire","2008-2012",633,15
"Adams","Berkshire","2008-2012",525,27
"Alford","Berkshire","2008-2012",1083,264
"Becket","Berkshire","2008-2012",825,222
"Cheshire","Berkshire","2008-2012",637,119
"Clarksburg","Berkshire","2008-2012",556,165
"Dalton","Berkshire","2008-2012",569,78
"Egremont","Berkshire","2008-2012",736,29
"Florida","Berkshire","2008-2012",1036,471
"Great Barrington","Berkshire","2008-2012",845,121
"Hancock","Berkshire","2008-2012",638,355
"Hinsdale","Berkshire","2008-2012",586,183
"Lanesborough","Berkshire","2008-2012",522,226
"Lee","Berkshire","2008-2012",678,38
"Lenox","Berkshire","2008-2012",754,126
"Monterey","Berkshire","2008-2012",813,329
"New Ashford","Berkshire","2008-2012",907,253
"New Marlborough","Berkshire","2008-2012",950,90
"North Adams","Berkshire","2008-2012",547,33
"Otis","Berkshire","2008-2012",719,131
"Peru","Berkshire","2008-2012",431,258
"Pittsfield","Berkshire","2008-2012",626,22
"Richmond","Berkshire","2008-2012",841,31
"Sandisfield","Berkshire","2008-2012",625,238
"Savoy","Berkshire","2008-2012",525,48
"Sheffield","Berkshire","2008-2012",778,97
"Stockbridge","Berkshire","2008-2012",783,173
"Tyringham","Berkshire","2008-2012",1056,631
"West Stockbridge","Berkshire","2008-2012",642,365
"Williamstown","Berkshire","2008-2012",736,144
"Acushnet","Bristol","2005-2009",667,281
"Acushnet","Bristol","2006-2010",639,35
"Acushnet","Bristol","2007-2011",634,27
"Attleboro","Bristol","2005-2009",788,53
"Attleboro","Bristol","2006-2010",787,48
"Attleboro","Bristol","2007-2011",799,34
"Berkley","Bristol","2005-2009",907,641
"Berkley","Bristol","2006-2010",955,881
"Berkley","Bristol","2007-2011",963,473
"Dartmouth","Bristol","2005-2009",821,77
"Dartmouth","Bristol","2006-2010",794,59
"Dartmouth","Bristol","2007-2011",795,105
"Dighton","Bristol","2005-2009",836,37
"Dighton","Bristol","2006-2010",844,32
"Dighton","Bristol","2007-2011",852,14
"Easton","Bristol","2005-2009",934,74
"Easton","Bristol","2006-2010",955,109
"Easton","Bristol","2007-2011",997,150
"Fairhaven","Bristol","2005-2009",706,77
"Fairhaven","Bristol","2006-2010",690,86
"Fairhaven","Bristol","2007-2011",742,53
"Fall River","Bristol","2005-2009",526,12
"Fall River","Bristol","2006-2010",534,11
"Fall River","Bristol","2007-2011",562,15
"Freetown","Bristol","2005-2009",1044,245
"Freetown","Bristol","2006-2010",950,406
"Freetown","Bristol","2007-2011",743,245
"Mansfield","Bristol","2005-2009",963,123
"Mansfield","Bristol","2006-2010",999,53
"Mansfield","Bristol","2007-2011",1013,59
"Bristol County","Bristol","2005-2009",631,9
"Bristol County","Bristol","2006-2010",640,8
"Bristol County","Bristol","2007-2011",663,7
"New Bedford","Bristol","2005-2009",567,20
"New Bedford","Bristol","2006-2010",595,14
"New Bedford","Bristol","2007-2011",621,10
"North Attleborough","Bristol","2005-2009",859,63
"North Attleborough","Bristol","2006-2010",881,52
"North Attleborough","Bristol","2007-2011",843,53
"Norton","Bristol","2005-2009",835,151
"Norton","Bristol","2006-2010",860,158
"Norton","Bristol","2007-2011",873,137
"Raynham","Bristol","2005-2009",1054,69
"Raynham","Bristol","2006-2010",1082,58
"Raynham","Bristol","2007-2011",1115,108
"Rehoboth","Bristol","2005-2009",923,206
"Rehoboth","Bristol","2006-2010",994,189
"Rehoboth","Bristol","2007-2011",948,156
"Seekonk","Bristol","2005-2009",851,52
"Seekonk","Bristol","2006-2010",908,135
"Seekonk","Bristol","2007-2011",883,86
"Somerset","Bristol","2005-2009",723,38
"Somerset","Bristol","2006-2010",752,42
"Somerset","Bristol","2007-2011",768,33
"Swansea","Bristol","2005-2009",685,102
"Swansea","Bristol","2006-2010",757,142
"Swansea","Bristol","2007-2011",792,132
"Taunton","Bristol","2005-2009",771,26
"Taunton","Bristol","2006-2010",777,19
"Taunton","Bristol","2007-2011",783,30
"Westport","Bristol","2005-2009",701,113
"Westport","Bristol","2006-2010",742,96
"Westport","Bristol","2007-2011",776,60
"Bristol County","Bristol","2008-2012",666,8
"Acushnet","Bristol","2008-2012",643,67
"Attleboro","Bristol","2008-2012",811,36
"Berkley","Bristol","2008-2012",1239,689
"Dartmouth","Bristol","2008-2012",816,88
"Dighton","Bristol","2008-2012",857,26
"Easton","Bristol","2008-2012",1084,222
"Fairhaven","Bristol","2008-2012",730,57
"Fall River","Bristol","2008-2012",576,15
"Freetown","Bristol","2008-2012",735,351
"Mansfield","Bristol","2008-2012",1003,66
"New Bedford","Bristol","2008-2012",628,9
"North Attleborough","Bristol","2008-2012",874,42
"Norton","Bristol","2008-2012",821,106
"Raynham","Bristol","2008-2012",1154,91
"Rehoboth","Bristol","2008-2012",821,251
"Seekonk","Bristol","2008-2012",926,108
"Somerset","Bristol","2008-2012",820,32
"Swansea","Bristol","2008-2012",736,143
"Taunton","Bristol","2008-2012",776,30
"Westport","Bristol","2008-2012",799,53
"Aquinnah","Dukes","2005-2009",663,454
"Aquinnah","Dukes","2006-2010",879,100
"Aquinnah","Dukes","2007-2011",863,210
"Chilmark","Dukes","2005-2009",980,643
"Chilmark","Dukes","2006-2010",1141,507
"Chilmark","Dukes","2007-2011",920,567
"Edgartown","Dukes","2005-2009",886,178
"Edgartown","Dukes","2006-2010",1059,252
"Edgartown","Dukes","2007-2011",1086,210
"Gosnold","Dukes","2006-2010",750,42
"Gosnold","Dukes","2007-2011",750,42
"Dukes County","Dukes","2005-2009",971,148
"Dukes County","Dukes","2006-2010",982,175
"Dukes County","Dukes","2007-2011",1030,154
"Oak Bluffs","Dukes","2005-2009",985,451
"Oak Bluffs","Dukes","2006-2010",771,255
"Oak Bluffs","Dukes","2007-2011",724,415
"Tisbury","Dukes","2005-2009",1302,690
"Tisbury","Dukes","2006-2010",1067,431
"Tisbury","Dukes","2007-2011",1140,428
"West Tisbury","Dukes","2005-2009",1071,1699
"West Tisbury","Dukes","2006-2010",985,2098
"Dukes County","Dukes","2008-2012",1017,87
"Aquinnah","Dukes","2008-2012",894,108
"Chilmark","Dukes","2008-2012",1063,143
"Edgartown","Dukes","2008-2012",1105,108
"Gosnold","Dukes","2008-2012",750,42
"Oak Bluffs","Dukes","2008-2012",963,558
"Tisbury","Dukes","2008-2012",1093,250
"West Tisbury","Dukes","2008-2012",947,6
"Amesbury","Essex","2005-2009",786,36
"Amesbury","Essex","2006-2010",825,44
"Amesbury","Essex","2007-2011",889,46
"Andover","Essex","2005-2009",892,90
"Andover","Essex","2006-2010",937,88
"Andover","Essex","2007-2011",1017,111
"Beverly","Essex","2005-2009",912,43
"Beverly","Essex","2006-2010",915,41
"Beverly","Essex","2007-2011",938,39
"Boxford","Essex","2005-2009",541,1702
"Boxford","Essex","2006-2010",557,645
"Boxford","Essex","2007-2011",1786,1440
"Danvers","Essex","2005-2009",1005,98
"Danvers","Essex","2006-2010",1056,91
"Danvers","Essex","2007-2011",1106,91
"Essex","Essex","2005-2009",997,118
"Essex","Essex","2006-2010",1077,73
"Essex","Essex","2007-2011",1089,63
"Georgetown","Essex","2005-2009",825,81
"Georgetown","Essex","2006-2010",905,96
"Georgetown","Essex","2007-2011",850,176
"Gloucester","Essex","2005-2009",828,52
"Gloucester","Essex","2006-2010",846,36
"Gloucester","Essex","2007-2011",849,51
"Groveland","Essex","2005-2009",1149,219
"Groveland","Essex","2006-2010",1191,210
"Groveland","Essex","2007-2011",980,207
"Hamilton","Essex","2005-2009",943,115
"Hamilton","Essex","2006-2010",1009,125
"Hamilton","Essex","2007-2011",931,179
"Haverhill","Essex","2005-2009",821,27
"Haverhill","Essex","2006-2010",831,32
"Haverhill","Essex","2007-2011",837,24
"Ipswich","Essex","2005-2009",780,116
"Ipswich","Essex","2006-2010",790,67
"Ipswich","Essex","2007-2011",878,83
"Lawrence","Essex","2005-2009",757,16
"Lawrence","Essex","2006-2010",770,18
"Lawrence","Essex","2007-2011",792,19
"Lynn","Essex","2005-2009",794,18
"Lynn","Essex","2006-2010",810,19
"Lynn","Essex","2007-2011",826,19
"Lynnfield","Essex","2005-2009",967,1679
"Lynnfield","Essex","2006-2010",523,867
"Lynnfield","Essex","2007-2011",548,1256
"Manchester-by-the-Sea","Essex","2005-2009",1176,136
"Manchester-by-the-Sea","Essex","2006-2010",1091,127
"Manchester-by-the-Sea","Essex","2007-2011",1107,106
"Marblehead","Essex","2005-2009",961,58
"Marblehead","Essex","2006-2010",964,122
"Marblehead","Essex","2007-2011",1001,112
"Merrimac","Essex","2005-2009",845,183
"Merrimac","Essex","2006-2010",846,163
"Merrimac","Essex","2007-2011",924,101
"Methuen","Essex","2005-2009",810,36
"Methuen","Essex","2006-2010",835,24
"Methuen","Essex","2007-2011",850,31
"Middleton","Essex","2005-2009",708,363
"Middleton","Essex","2006-2010",733,588
"Middleton","Essex","2007-2011",910,228
"Essex County","Essex","2005-2009",841,9
"Essex County","Essex","2006-2010",855,8
"Essex County","Essex","2007-2011",872,10
"Nahant","Essex","2005-2009",1154,102
"Nahant","Essex","2006-2010",1098,115
"Nahant","Essex","2007-2011",1088,69
"Newbury","Essex","2005-2009",982,120
"Newbury","Essex","2006-2010",1044,146
"Newbury","Essex","2007-2011",1032,157
"Newburyport","Essex","2005-2009",964,66
"Newburyport","Essex","2006-2010",953,75
"Newburyport","Essex","2007-2011",936,54
"North Andover","Essex","2005-2009",1043,80
"North Andover","Essex","2006-2010",1091,65
"North Andover","Essex","2007-2011",1183,86
"Peabody","Essex","2005-2009",1003,53
"Peabody","Essex","2006-2010",1041,42
"Peabody","Essex","2007-2011",1080,42
"Rockport","Essex","2005-2009",800,74
"Rockport","Essex","2006-2010",859,145
"Rockport","Essex","2007-2011",916,130
"Rowley","Essex","2005-2009",934,115
"Rowley","Essex","2006-2010",1042,159
"Rowley","Essex","2007-2011",1050,147
"Salem","Essex","2005-2009",919,32
"Salem","Essex","2006-2010",924,37
"Salem","Essex","2007-2011",938,25
"Salisbury","Essex","2005-2009",828,47
"Salisbury","Essex","2006-2010",856,62
"Salisbury","Essex","2007-2011",851,87
"Saugus","Essex","2005-2009",950,136
"Saugus","Essex","2006-2010",971,106
"Saugus","Essex","2007-2011",940,69
"Swampscott","Essex","2005-2009",1031,138
"Swampscott","Essex","2006-2010",1169,81
"Swampscott","Essex","2007-2011",1207,101
"Topsfield","Essex","2005-2009",392,352
"Topsfield","Essex","2006-2010",509,415
"Topsfield","Essex","2007-2011",380,142
"Wenham","Essex","2005-2009",806,1060
"Wenham","Essex","2006-2010",441,931
"Wenham","Essex","2007-2011",411,275
"West Newbury","Essex","2005-2009",517,462
"West Newbury","Essex","2006-2010",982,827
"West Newbury","Essex","2007-2011",1000,1010
"Essex County","Essex","2008-2012",892,8
"Amesbury","Essex","2008-2012",862,30
"Andover","Essex","2008-2012",1028,81
"Beverly","Essex","2008-2012",955,38
"Danvers","Essex","2008-2012",1118,95
"Essex","Essex","2008-2012",1097,71
"Georgetown","Essex","2008-2012",1043,190
"Gloucester","Essex","2008-2012",846,27
"Groveland","Essex","2008-2012",936,186
"Hamilton","Essex","2008-2012",1020,211
"Haverhill","Essex","2008-2012",859,26
"Ipswich","Essex","2008-2012",972,98
"Lawrence","Essex","2008-2012",816,13
"Lynn","Essex","2008-2012",835,16
"Lynnfield","Essex","2008-2012",1153,448
"Manchester-by-the-Sea","Essex","2008-2012",1071,119
"Marblehead","Essex","2008-2012",1080,122
"Merrimac","Essex","2008-2012",938,190
"Methuen","Essex","2008-2012",867,38
"Middleton","Essex","2008-2012",1029,201
"Nahant","Essex","2008-2012",1091,55
"Newbury","Essex","2008-2012",1012,148
"Newburyport","Essex","2008-2012",982,103
"North Andover","Essex","2008-2012",1179,82
"Peabody","Essex","2008-2012",1107,33
"Rockport","Essex","2008-2012",902,107
"Rowley","Essex","2008-2012",1035,231
"Salem","Essex","2008-2012",957,30
"Salisbury","Essex","2008-2012",842,60
"Saugus","Essex","2008-2012",948,78
"Swampscott","Essex","2008-2012",1188,82
"Topsfield","Essex","2008-2012",836,786
"Wenham","Essex","2008-2012",625,535
"West Newbury","Essex","2008-2012",1006,709
"Ashfield","Franklin","2005-2009",688,126
"Ashfield","Franklin","2006-2010",842,308
"Ashfield","Franklin","2007-2011",722,75
"Bernardston","Franklin","2005-2009",896,278
"Bernardston","Franklin","2006-2010",892,201
"Bernardston","Franklin","2007-2011",1032,225
"Buckland","Franklin","2005-2009",714,27
"Buckland","Franklin","2006-2010",721,10
"Buckland","Franklin","2007-2011",731,24
"Charlemont","Franklin","2005-2009",449,66
"Charlemont","Franklin","2006-2010",447,47
"Charlemont","Franklin","2007-2011",475,93
"Colrain","Franklin","2005-2009",598,262
"Colrain","Franklin","2006-2010",614,163
"Colrain","Franklin","2007-2011",565,178
"Conway","Franklin","2005-2009",672,152
"Conway","Franklin","2006-2010",655,126
"Conway","Franklin","2007-2011",689,84
"Deerfield","Franklin","2005-2009",716,199
"Deerfield","Franklin","2006-2010",750,106
"Deerfield","Franklin","2007-2011",801,127
"Erving","Franklin","2005-2009",625,70
"Erving","Franklin","2006-2010",704,66
"Erving","Franklin","2007-2011",753,81
"Gill","Franklin","2005-2009",554,69
"Gill","Franklin","2006-2010",631,166
"Gill","Franklin","2007-2011",638,94
"Greenfield","Franklin","2005-2009",615,24
"Greenfield","Franklin","2006-2010",628,25
"Greenfield","Franklin","2007-2011",669,32
"Hawley","Franklin","2005-2009",688,310
"Hawley","Franklin","2006-2010",808,353
"Hawley","Franklin","2007-2011",738,171
"Heath","Franklin","2005-2009",435,171
"Heath","Franklin","2006-2010",434,209
"Heath","Franklin","2007-2011",525,371
"Leverett","Franklin","2005-2009",793,124
"Leverett","Franklin","2006-2010",871,50
"Leverett","Franklin","2007-2011",866,36
"Leyden","Franklin","2005-2009",810,585
"Leyden","Franklin","2007-2011",675,773
"Monroe","Franklin","2005-2009",917,964
"Montague","Franklin","2005-2009",656,63
"Montague","Franklin","2006-2010",672,74
"Montague","Franklin","2007-2011",669,72
"Franklin County","Franklin","2005-2009",666,25
"Franklin County","Franklin","2006-2010",703,28
"Franklin County","Franklin","2007-2011",721,23
"New Salem","Franklin","2005-2009",763,354
"New Salem","Franklin","2006-2010",1167,446
"New Salem","Franklin","2007-2011",1250,330
"Northfield","Franklin","2005-2009",713,93
"Northfield","Franklin","2006-2010",762,112
"Northfield","Franklin","2007-2011",598,253
"Orange","Franklin","2005-2009",526,77
"Orange","Franklin","2006-2010",535,137
"Orange","Franklin","2007-2011",635,166
"Rowe","Franklin","2005-2009",850,162
"Rowe","Franklin","2006-2010",784,31
"Rowe","Franklin","2007-2011",796,80
"Shelburne","Franklin","2005-2009",730,29
"Shelburne","Franklin","2006-2010",733,106
"Shelburne","Franklin","2007-2011",805,75
"Shutesbury","Franklin","2005-2009",747,201
"Shutesbury","Franklin","2006-2010",829,135
"Shutesbury","Franklin","2007-2011",897,139
"Sunderland","Franklin","2005-2009",957,58
"Sunderland","Franklin","2006-2010",996,51
"Sunderland","Franklin","2007-2011",1009,48
"Warwick","Franklin","2005-2009",442,131
"Warwick","Franklin","2006-2010",925,72
"Warwick","Franklin","2007-2011",895,73
"Wendell","Franklin","2005-2009",720,75
"Wendell","Franklin","2006-2010",840,38
"Wendell","Franklin","2007-2011",840,79
"Whately","Franklin","2005-2009",758,73
"Whately","Franklin","2006-2010",792,69
"Whately","Franklin","2007-2011",835,112
"Franklin County","Franklin","2008-2012",712,23
"Ashfield","Franklin","2008-2012",647,143
"Bernardston","Franklin","2008-2012",1030,261
"Buckland","Franklin","2008-2012",735,26
"Charlemont","Franklin","2008-2012",495,168
"Colrain","Franklin","2008-2012",563,382
"Conway","Franklin","2008-2012",721,132
"Deerfield","Franklin","2008-2012",686,186
"Erving","Franklin","2008-2012",709,68
"Gill","Franklin","2008-2012",648,279
"Greenfield","Franklin","2008-2012",678,34
"Hawley","Franklin","2008-2012",817,206
"Heath","Franklin","2008-2012",448,464
"Leverett","Franklin","2008-2012",871,49
"Leyden","Franklin","2008-2012",825,550
"Monroe","Franklin","2008-2012",663,366
"Montague","Franklin","2008-2012",653,77
"New Salem","Franklin","2008-2012",1167,501
"Northfield","Franklin","2008-2012",652,210
"Orange","Franklin","2008-2012",651,161
"Rowe","Franklin","2008-2012",796,97
"Shelburne","Franklin","2008-2012",785,66
"Shutesbury","Franklin","2008-2012",953,51
"Sunderland","Franklin","2008-2012",1023,54
"Warwick","Franklin","2008-2012",920,36
"Wendell","Franklin","2008-2012",832,101
"Whately","Franklin","2008-2012",892,125
"Agawam","Hampden","2005-2009",710,31
"Agawam","Hampden","2006-2010",735,41
"Agawam","Hampden","2007-2011",742,28
"Blandford","Hampden","2005-2009",683,142
"Blandford","Hampden","2006-2010",733,147
"Blandford","Hampden","2007-2011",675,157
"Brimfield","Hampden","2005-2009",694,530
"Brimfield","Hampden","2006-2010",831,243
"Brimfield","Hampden","2007-2011",847,227
"Chester","Hampden","2005-2009",531,72
"Chester","Hampden","2006-2010",653,145
"Chester","Hampden","2007-2011",666,42
"Chicopee","Hampden","2005-2009",588,20
"Chicopee","Hampden","2006-2010",626,21
"Chicopee","Hampden","2007-2011",654,19
"East Longmeadow","Hampden","2005-2009",342,38
"East Longmeadow","Hampden","2006-2010",385,125
"East Longmeadow","Hampden","2007-2011",503,230
"Granville","Hampden","2005-2009",582,133
"Granville","Hampden","2006-2010",604,127
"Granville","Hampden","2007-2011",700,261
"Hampden","Hampden","2005-2009",618,182
"Hampden","Hampden","2006-2010",710,137
"Hampden","Hampden","2007-2011",720,71
"Holland","Hampden","2005-2009",771,48
"Holland","Hampden","2006-2010",596,289
"Holland","Hampden","2007-2011",763,261
"Holyoke","Hampden","2005-2009",542,17
"Holyoke","Hampden","2006-2010",553,25
"Holyoke","Hampden","2007-2011",572,36
"Longmeadow","Hampden","2005-2009",1019,773
"Longmeadow","Hampden","2006-2010",1241,559
"Longmeadow","Hampden","2007-2011",914,896
"Ludlow","Hampden","2005-2009",704,38
"Ludlow","Hampden","2006-2010",689,30
"Ludlow","Hampden","2007-2011",720,37
"Monson","Hampden","2005-2009",510,77
"Monson","Hampden","2006-2010",540,76
"Monson","Hampden","2007-2011",601,82
"Montgomery","Hampden","2005-2009",492,208
"Montgomery","Hampden","2006-2010",492,36
"Montgomery","Hampden","2007-2011",492,41
"Hampden County","Hampden","2005-2009",603,8
"Hampden County","Hampden","2006-2010",628,7
"Hampden County","Hampden","2007-2011",654,9
"Palmer","Hampden","2005-2009",536,21
"Palmer","Hampden","2006-2010",567,64
"Palmer","Hampden","2007-2011",632,55
"Russell","Hampden","2005-2009",543,128
"Russell","Hampden","2006-2010",694,217
"Russell","Hampden","2007-2011",704,121
"Southwick","Hampden","2005-2009",693,86
"Southwick","Hampden","2006-2010",700,48
"Southwick","Hampden","2007-2011",713,50
"Springfield","Hampden","2005-2009",592,16
"Springfield","Hampden","2006-2010",617,11
"Springfield","Hampden","2007-2011",633,13
"Tolland","Hampden","2005-2009",868,58
"Tolland","Hampden","2006-2010",873,164
"Tolland","Hampden","2007-2011",950,396
"Wales","Hampden","2005-2009",544,113
"Wales","Hampden","2006-2010",534,116
"Wales","Hampden","2007-2011",547,68
"West Springfield","Hampden","2005-2009",642,21
"West Springfield","Hampden","2006-2010",672,17
"West Springfield","Hampden","2007-2011",697,25
"Westfield","Hampden","2005-2009",678,24
"Westfield","Hampden","2006-2010",689,32
"Westfield","Hampden","2007-2011",717,30
"Wilbraham","Hampden","2005-2009",448,269
"Wilbraham","Hampden","2006-2010",524,208
"Wilbraham","Hampden","2007-2011",653,380
"Hampden County","Hampden","2008-2012",657,9
"Agawam","Hampden","2008-2012",759,35
"Brimfield","Hampden","2008-2012",812,300
"Chester","Hampden","2008-2012",550,206
"Chicopee","Hampden","2008-2012",676,26
"East Longmeadow","Hampden","2008-2012",610,341
"Granville","Hampden","2008-2012",688,192
"Hampden","Hampden","2008-2012",702,342
"Holland","Hampden","2008-2012",694,303
"Holyoke","Hampden","2008-2012",552,26
"Longmeadow","Hampden","2008-2012",946,963
"Ludlow","Hampden","2008-2012",706,42
"Monson","Hampden","2008-2012",702,75
"Montgomery","Hampden","2008-2012",500,31
"Palmer","Hampden","2008-2012",618,39
"Russell","Hampden","2008-2012",742,96
"Southwick","Hampden","2008-2012",755,97
"Springfield","Hampden","2008-2012",641,16
"Tolland","Hampden","2008-2012",1042,253
"Wales","Hampden","2008-2012",534,109
"Westfield","Hampden","2008-2012",714,27
"West Springfield","Hampden","2008-2012",696,26
"Wilbraham","Hampden","2008-2012",673,186
"Amherst","Hampshire","2005-2009",954,61
"Amherst","Hampshire","2006-2010",955,46
"Amherst","Hampshire","2007-2011",971,39
"Belchertown","Hampshire","2005-2009",580,88
"Belchertown","Hampshire","2006-2010",660,157
"Belchertown","Hampshire","2007-2011",662,127
"Chesterfield","Hampshire","2005-2009",841,26
"Chesterfield","Hampshire","2006-2010",833,30
"Chesterfield","Hampshire","2007-2011",837,108
"Cummington","Hampshire","2005-2009",564,30
"Cummington","Hampshire","2006-2010",572,23
"Cummington","Hampshire","2007-2011",575,76
"Easthampton","Hampshire","2005-2009",657,22
"Easthampton","Hampshire","2006-2010",672,32
"Easthampton","Hampshire","2007-2011",685,22
"Goshen","Hampshire","2005-2009",1057,517
"Goshen","Hampshire","2006-2010",1008,690
"Goshen","Hampshire","2007-2011",1004,621
"Granby","Hampshire","2005-2009",627,203
"Granby","Hampshire","2006-2010",678,123
"Granby","Hampshire","2007-2011",687,77
"Hadley","Hampshire","2005-2009",636,91
"Hadley","Hampshire","2006-2010",689,129
"Hadley","Hampshire","2007-2011",788,183
"Hatfield","Hampshire","2005-2009",546,166
"Hatfield","Hampshire","2006-2010",563,159
"Hatfield","Hampshire","2007-2011",585,127
"Huntington","Hampshire","2005-2009",545,182
"Huntington","Hampshire","2006-2010",545,73
"Huntington","Hampshire","2007-2011",523,67
"Middlefield","Hampshire","2007-2011",563,44
"Hampshire County","Hampshire","2005-2009",725,27
"Hampshire County","Hampshire","2006-2010",741,23
"Hampshire County","Hampshire","2007-2011",763,21
"Northampton","Hampshire","2005-2009",754,28
"Northampton","Hampshire","2006-2010",753,29
"Northampton","Hampshire","2007-2011",788,31
"Pelham","Hampshire","2005-2009",817,174
"Pelham","Hampshire","2006-2010",800,157
"Pelham","Hampshire","2007-2011",788,92
"Plainfield","Hampshire","2005-2009",660,217
"Plainfield","Hampshire","2006-2010",755,419
"Plainfield","Hampshire","2007-2011",760,447
"South Hadley","Hampshire","2005-2009",686,25
"South Hadley","Hampshire","2006-2010",712,78
"South Hadley","Hampshire","2007-2011",702,39
"Southampton","Hampshire","2005-2009",815,188
"Southampton","Hampshire","2006-2010",863,540
"Southampton","Hampshire","2007-2011",882,492
"Ware","Hampshire","2005-2009",511,57
"Ware","Hampshire","2006-2010",532,68
"Ware","Hampshire","2007-2011",598,66
"Westhampton","Hampshire","2005-2009",1031,1312
"Westhampton","Hampshire","2006-2010",890,322
"Westhampton","Hampshire","2007-2011",1013,361
"Williamsburg","Hampshire","2005-2009",588,98
"Williamsburg","Hampshire","2006-2010",571,81
"Williamsburg","Hampshire","2007-2011",654,63
"Worthington","Hampshire","2005-2009",542,288
"Worthington","Hampshire","2006-2010",530,160
"Worthington","Hampshire","2007-2011",516,100
"Hampshire County","Hampshire","2008-2012",793,27
"Amherst","Hampshire","2008-2012",996,45
"Belchertown","Hampshire","2008-2012",758,70
"Chesterfield","Hampshire","2008-2012",910,216
"Cummington","Hampshire","2008-2012",567,131
"Easthampton","Hampshire","2008-2012",708,36
"Goshen","Hampshire","2008-2012",778,449
"Granby","Hampshire","2008-2012",678,81
"Hadley","Hampshire","2008-2012",713,147
"Hatfield","Hampshire","2008-2012",652,153
"Huntington","Hampshire","2008-2012",537,127
"Middlefield","Hampshire","2008-2012",533,28
"Northampton","Hampshire","2008-2012",836,34
"Pelham","Hampshire","2008-2012",855,139
"Plainfield","Hampshire","2008-2012",525,212
"Southampton","Hampshire","2008-2012",889,328
"South Hadley","Hampshire","2008-2012",686,20
"Ware","Hampshire","2008-2012",595,53
"Westhampton","Hampshire","2008-2012",1038,268
"Williamsburg","Hampshire","2008-2012",634,43
"Worthington","Hampshire","2008-2012",535,78
"MA","MA","2005-2009",849,4
"MA","MA","2006-2010",873,4
"MA","MA","2007-2011",893,4
"MA","MA","2008-2012",918,5
"Acton","Middlesex","2005-2009",967,38
"Acton","Middlesex","2006-2010",989,40
"Acton","Middlesex","2007-2011",997,62
"Arlington","Middlesex","2005-2009",1121,39
"Arlington","Middlesex","2006-2010",1163,36
"Arlington","Middlesex","2007-2011",1212,36
"Ashby","Middlesex","2005-2009",723,168
"Ashby","Middlesex","2006-2010",721,74
"Ashby","Middlesex","2007-2011",769,102
"Ashland","Middlesex","2005-2009",996,114
"Ashland","Middlesex","2006-2010",983,77
"Ashland","Middlesex","2007-2011",985,134
"Ayer","Middlesex","2005-2009",744,70
"Ayer","Middlesex","2006-2010",788,56
"Ayer","Middlesex","2007-2011",844,65
"Bedford","Middlesex","2005-2009",1113,75
"Bedford","Middlesex","2006-2010",1215,94
"Bedford","Middlesex","2007-2011",1221,91
"Belmont","Middlesex","2005-2009",1341,30
"Belmont","Middlesex","2006-2010",1342,35
"Belmont","Middlesex","2007-2011",1385,39
"Billerica","Middlesex","2005-2009",1028,81
"Billerica","Middlesex","2006-2010",1116,68
"Billerica","Middlesex","2007-2011",1160,59
"Boxborough","Middlesex","2005-2009",969,97
"Boxborough","Middlesex","2006-2010",934,174
"Boxborough","Middlesex","2007-2011",909,98
"Burlington","Middlesex","2005-2009",1357,80
"Burlington","Middlesex","2006-2010",1433,117
"Burlington","Middlesex","2007-2011",1479,89
"Cambridge","Middlesex","2005-2009",1336,20
"Cambridge","Middlesex","2006-2010",1369,24
"Cambridge","Middlesex","2007-2011",1449,33
"Carlisle","Middlesex","2005-2009",1857,188
"Carlisle","Middlesex","2006-2010",1807,187
"Carlisle","Middlesex","2007-2011",1783,179
"Chelmsford","Middlesex","2005-2009",975,89
"Chelmsford","Middlesex","2006-2010",991,67
"Chelmsford","Middlesex","2007-2011",998,74
"Concord","Middlesex","2005-2009",1256,644
"Concord","Middlesex","2006-2010",1389,259
"Concord","Middlesex","2007-2011",1515,454
"Dracut","Middlesex","2005-2009",934,33
"Dracut","Middlesex","2006-2010",952,37
"Dracut","Middlesex","2007-2011",997,60
"Dunstable","Middlesex","2005-2009",443,1075
"Dunstable","Middlesex","2006-2010",522,798
"Dunstable","Middlesex","2007-2011",519,870
"Everett","Middlesex","2005-2009",929,32
"Everett","Middlesex","2006-2010",954,27
"Everett","Middlesex","2007-2011",971,31
"Framingham","Middlesex","2005-2009",969,36
"Framingham","Middlesex","2006-2010",975,42
"Framingham","Middlesex","2007-2011",970,38
"Groton","Middlesex","2005-2009",1137,642
"Groton","Middlesex","2006-2010",1256,480
"Groton","Middlesex","2007-2011",876,373
"Holliston","Middlesex","2005-2009",694,315
"Holliston","Middlesex","2006-2010",882,211
"Holliston","Middlesex","2007-2011",790,187
"Hopkinton","Middlesex","2005-2009",850,393
"Hopkinton","Middlesex","2006-2010",854,251
"Hopkinton","Middlesex","2007-2011",960,209
"Hudson","Middlesex","2005-2009",907,87
"Hudson","Middlesex","2006-2010",934,66
"Hudson","Middlesex","2007-2011",959,49
"Lexington","Middlesex","2005-2009",1695,100
"Lexington","Middlesex","2006-2010",1712,93
"Lexington","Middlesex","2007-2011",1711,125
"Lincoln","Middlesex","2006-2010",1988,147
"Lincoln","Middlesex","2007-2011",1987,150
"Littleton","Middlesex","2005-2009",606,346
"Littleton","Middlesex","2006-2010",495,298
"Littleton","Middlesex","2007-2011",541,276
"Lowell","Middlesex","2005-2009",768,26
"Lowell","Middlesex","2006-2010",807,17
"Lowell","Middlesex","2007-2011",830,17
"Malden","Middlesex","2005-2009",1028,36
"Malden","Middlesex","2006-2010",1036,36
"Malden","Middlesex","2007-2011",1054,29
"Marlborough","Middlesex","2005-2009",926,47
"Marlborough","Middlesex","2006-2010",936,39
"Marlborough","Middlesex","2007-2011",938,41
"Maynard","Middlesex","2005-2009",853,32
"Maynard","Middlesex","2006-2010",861,58
"Maynard","Middlesex","2007-2011",852,100
"Medford","Middlesex","2005-2009",1093,37
"Medford","Middlesex","2006-2010",1133,33
"Medford","Middlesex","2007-2011",1176,49
"Melrose","Middlesex","2005-2009",936,56
"Melrose","Middlesex","2006-2010",1002,73
"Melrose","Middlesex","2007-2011",1020,67
"Middlesex County","Middlesex","2005-2009",1057,10
"Middlesex County","Middlesex","2006-2010",1085,9
"Middlesex County","Middlesex","2007-2011",1114,9
"Natick","Middlesex","2005-2009",1096,34
"Natick","Middlesex","2006-2010",1112,31
"Natick","Middlesex","2007-2011",1136,55
"Newton","Middlesex","2005-2009",1336,37
"Newton","Middlesex","2006-2010",1391,37
"Newton","Middlesex","2007-2011",1434,39
"North Reading","Middlesex","2005-2009",1098,347
"North Reading","Middlesex","2006-2010",1129,149
"North Reading","Middlesex","2007-2011",1171,113
"Pepperell","Middlesex","2005-2009",745,78
"Pepperell","Middlesex","2006-2010",821,163
"Pepperell","Middlesex","2007-2011",911,165
"Reading","Middlesex","2005-2009",887,158
"Reading","Middlesex","2006-2010",966,159
"Reading","Middlesex","2007-2011",1084,104
"Sherborn","Middlesex","2005-2009",836,496
"Sherborn","Middlesex","2006-2010",1339,1041
"Sherborn","Middlesex","2007-2011",1802,590
"Shirley","Middlesex","2005-2009",880,149
"Shirley","Middlesex","2006-2010",929,219
"Shirley","Middlesex","2007-2011",1022,308
"Somerville","Middlesex","2005-2009",1138,26
"Somerville","Middlesex","2006-2010",1175,26
"Somerville","Middlesex","2007-2011",1224,27
"Stoneham","Middlesex","2005-2009",1054,69
"Stoneham","Middlesex","2006-2010",1081,44
"Stoneham","Middlesex","2007-2011",1077,57
"Stow","Middlesex","2005-2009",1514,322
"Stow","Middlesex","2006-2010",1418,296
"Stow","Middlesex","2007-2011",1247,245
"Sudbury","Middlesex","2005-2009",285,185
"Sudbury","Middlesex","2006-2010",295,333
"Sudbury","Middlesex","2007-2011",344,701
"Tewksbury","Middlesex","2005-2009",999,128
"Tewksbury","Middlesex","2006-2010",1089,106
"Tewksbury","Middlesex","2007-2011",1147,72
"Townsend","Middlesex","2005-2009",757,46
"Townsend","Middlesex","2006-2010",744,48
"Townsend","Middlesex","2007-2011",784,93
"Tyngsborough","Middlesex","2005-2009",950,108
"Tyngsborough","Middlesex","2006-2010",927,71
"Tyngsborough","Middlesex","2007-2011",920,90
"Wakefield","Middlesex","2005-2009",977,53
"Wakefield","Middlesex","2006-2010",961,46
"Wakefield","Middlesex","2007-2011",977,77
"Waltham","Middlesex","2005-2009",1098,46
"Waltham","Middlesex","2006-2010",1147,41
"Waltham","Middlesex","2007-2011",1172,39
"Watertown","Middlesex","2005-2009",1165,42
"Watertown","Middlesex","2006-2010",1238,55
"Watertown","Middlesex","2007-2011",1230,55
"Wayland","Middlesex","2005-2009",1245,355
"Wayland","Middlesex","2006-2010",1325,338
"Wayland","Middlesex","2007-2011",1042,646
"Westford","Middlesex","2005-2009",991,105
"Westford","Middlesex","2006-2010",973,93
"Westford","Middlesex","2007-2011",985,222
"Weston","Middlesex","2005-2009",1458,932
"Weston","Middlesex","2006-2010",1439,914
"Weston","Middlesex","2007-2011",1386,313
"Wilmington","Middlesex","2005-2009",1369,200
"Wilmington","Middlesex","2006-2010",1358,188
"Wilmington","Middlesex","2007-2011",1424,90
"Winchester","Middlesex","2005-2009",1262,155
"Winchester","Middlesex","2006-2010",1162,145
"Winchester","Middlesex","2007-2011",1252,131
"Woburn","Middlesex","2005-2009",1046,45
"Woburn","Middlesex","2006-2010",1060,42
"Woburn","Middlesex","2007-2011",1056,35
"Middlesex County","Middlesex","2008-2012",1145,8
"Acton","Middlesex","2008-2012",1068,63
"Arlington","Middlesex","2008-2012",1243,36
"Ashby","Middlesex","2008-2012",1015,275
"Ashland","Middlesex","2008-2012",1061,152
"Ayer","Middlesex","2008-2012",867,102
"Bedford","Middlesex","2008-2012",1220,91
"Belmont","Middlesex","2008-2012",1417,38
"Billerica","Middlesex","2008-2012",1141,71
"Boxborough","Middlesex","2008-2012",856,37
"Burlington","Middlesex","2008-2012",1479,80
"Cambridge","Middlesex","2008-2012",1501,33
"Carlisle","Middlesex","2008-2012",1824,539
"Chelmsford","Middlesex","2008-2012",1030,73
"Concord","Middlesex","2008-2012",1544,272
"Dracut","Middlesex","2008-2012",1026,62
"Dunstable","Middlesex","2008-2012",725,723
"Everett","Middlesex","2008-2012",1032,30
"Framingham","Middlesex","2008-2012",999,45
"Groton","Middlesex","2008-2012",996,162
"Holliston","Middlesex","2008-2012",925,189
"Hopkinton","Middlesex","2008-2012",1035,363
"Hudson","Middlesex","2008-2012",979,71
"Lexington","Middlesex","2008-2012",1752,147
"Lincoln","Middlesex","2008-2012",1946,159
"Littleton","Middlesex","2008-2012",695,806
"Lowell","Middlesex","2008-2012",846,17
"Malden","Middlesex","2008-2012",1089,30
"Marlborough","Middlesex","2008-2012",940,37
"Maynard","Middlesex","2008-2012",871,133
"Medford","Middlesex","2008-2012",1242,48
"Melrose","Middlesex","2008-2012",1006,61
"Natick","Middlesex","2008-2012",1146,42
"Newton","Middlesex","2008-2012",1443,44
"North Reading","Middlesex","2008-2012",1230,133
"Pepperell","Middlesex","2008-2012",1000,129
"Reading","Middlesex","2008-2012",1175,108
"Sherborn","Middlesex","2008-2012",1864,596
"Shirley","Middlesex","2008-2012",1053,210
"Somerville","Middlesex","2008-2012",1249,21
"Stoneham","Middlesex","2008-2012",1097,48
"Stow","Middlesex","2008-2012",1403,199
"Sudbury","Middlesex","2008-2012",487,281
"Tewksbury","Middlesex","2008-2012",1179,81
"Townsend","Middlesex","2008-2012",725,56
"Tyngsborough","Middlesex","2008-2012",873,159
"Wakefield","Middlesex","2008-2012",1049,74
"Waltham","Middlesex","2008-2012",1190,32
"Watertown","Middlesex","2008-2012",1291,33
"Wayland","Middlesex","2008-2012",896,672
"Westford","Middlesex","2008-2012",1179,139
"Weston","Middlesex","2008-2012",1400,488
"Wilmington","Middlesex","2008-2012",1416,122
"Winchester","Middlesex","2008-2012",1291,123
"Woburn","Middlesex","2008-2012",1098,41
"Nantucket County","Nantucket","2005-2009",1472,316
"Nantucket County","Nantucket","2006-2010",1577,187
"Nantucket County","Nantucket","2007-2011",1629,156
"Nantucket","Nantucket","2005-2009",1472,316
"Nantucket","Nantucket","2006-2010",1577,187
"Nantucket","Nantucket","2007-2011",1629,156
"Nantucket County","Nantucket","2008-2012",1495,202
"Nantucket","Nantucket","2008-2012",1495,202
"Avon","Norfolk","2005-2009",1109,147
"Avon","Norfolk","2006-2010",1208,178
"Avon","Norfolk","2007-2011",1207,299
"Bellingham","Norfolk","2005-2009",974,57
"Bellingham","Norfolk","2006-2010",974,53
"Bellingham","Norfolk","2007-2011",1087,77
"Braintree","Norfolk","2005-2009",1041,106
"Braintree","Norfolk","2006-2010",1063,87
"Braintree","Norfolk","2007-2011",1054,113
"Brookline","Norfolk","2005-2009",1603,45
"Brookline","Norfolk","2006-2010",1627,35
"Brookline","Norfolk","2007-2011",1658,33
"Canton","Norfolk","2005-2009",1141,83
"Canton","Norfolk","2006-2010",1142,86
"Canton","Norfolk","2007-2011",1215,139
"Cohasset","Norfolk","2005-2009",1250,1743
"Cohasset","Norfolk","2006-2010",636,472
"Cohasset","Norfolk","2007-2011",971,394
"Dedham","Norfolk","2005-2009",1101,117
"Dedham","Norfolk","2006-2010",1169,84
"Dedham","Norfolk","2007-2011",1259,78
"Foxborough","Norfolk","2005-2009",1007,46
"Foxborough","Norfolk","2006-2010",1084,37
"Foxborough","Norfolk","2007-2011",1091,54
"Franklin","Norfolk","2005-2009",976,48
"Franklin","Norfolk","2006-2010",1023,69
"Franklin","Norfolk","2007-2011",993,65
"Holbrook","Norfolk","2005-2009",843,82
"Holbrook","Norfolk","2006-2010",889,125
"Holbrook","Norfolk","2007-2011",932,155
"Medfield","Norfolk","2005-2009",944,94
"Medfield","Norfolk","2006-2010",936,113
"Medfield","Norfolk","2007-2011",884,54
"Medway","Norfolk","2005-2009",793,76
"Medway","Norfolk","2006-2010",722,192
"Medway","Norfolk","2007-2011",545,313
"Millis","Norfolk","2005-2009",970,39
"Millis","Norfolk","2006-2010",1060,63
"Millis","Norfolk","2007-2011",1076,57
"Milton","Norfolk","2005-2009",1029,257
"Milton","Norfolk","2006-2010",950,158
"Milton","Norfolk","2007-2011",1050,132
"Norfolk County","Norfolk","2005-2009",1084,18
"Norfolk County","Norfolk","2006-2010",1102,13
"Norfolk County","Norfolk","2007-2011",1123,15
"Needham","Norfolk","2005-2009",1355,84
"Needham","Norfolk","2006-2010",1350,104
"Needham","Norfolk","2007-2011",1283,119
"Norfolk","Norfolk","2005-2009",296,172
"Norfolk","Norfolk","2006-2010",425,461
"Norfolk","Norfolk","2007-2011",609,468
"Norwood","Norfolk","2005-2009",1110,45
"Norwood","Norfolk","2006-2010",1134,40
"Norwood","Norfolk","2007-2011",1116,61
"Plainville","Norfolk","2005-2009",970,63
"Plainville","Norfolk","2006-2010",960,100
"Plainville","Norfolk","2007-2011",1023,124
"Quincy","Norfolk","2005-2009",995,25
"Quincy","Norfolk","2006-2010",1024,27
"Quincy","Norfolk","2007-2011",1059,24
"Randolph","Norfolk","2005-2009",1050,72
"Randolph","Norfolk","2006-2010",1015,128
"Randolph","Norfolk","2007-2011",1045,74
"Sharon","Norfolk","2005-2009",944,146
"Sharon","Norfolk","2006-2010",1016,150
"Sharon","Norfolk","2007-2011",1161,152
"Stoughton","Norfolk","2005-2009",991,73
"Stoughton","Norfolk","2006-2010",1002,89
"Stoughton","Norfolk","2007-2011",986,116
"Walpole","Norfolk","2005-2009",1134,81
"Walpole","Norfolk","2006-2010",1133,65
"Walpole","Norfolk","2007-2011",1129,71
"Wellesley","Norfolk","2005-2009",1115,331
"Wellesley","Norfolk","2006-2010",1161,127
"Wellesley","Norfolk","2007-2011",1245,208
"Westwood","Norfolk","2005-2009",1119,510
"Westwood","Norfolk","2006-2010",1055,364
"Westwood","Norfolk","2007-2011",1162,305
"Weymouth","Norfolk","2005-2009",1024,37
"Weymouth","Norfolk","2006-2010",1012,38
"Weymouth","Norfolk","2007-2011",1033,40
"Wrentham","Norfolk","2005-2009",846,59
"Wrentham","Norfolk","2006-2010",875,67
"Wrentham","Norfolk","2007-2011",819,96
"Norfolk County","Norfolk","2008-2012",1148,13
"Avon","Norfolk","2008-2012",1098,254
"Bellingham","Norfolk","2008-2012",1083,83
"Braintree","Norfolk","2008-2012",1048,92
"Brookline","Norfolk","2008-2012",1683,35
"Canton","Norfolk","2008-2012",1258,125
"Cohasset","Norfolk","2008-2012",1023,277
"Dedham","Norfolk","2008-2012",1293,57
"Foxborough","Norfolk","2008-2012",1119,65
"Franklin","Norfolk","2008-2012",1035,52
"Holbrook","Norfolk","2008-2012",1071,329
"Medfield","Norfolk","2008-2012",864,79
"Medway","Norfolk","2008-2012",656,342
"Millis","Norfolk","2008-2012",1020,118
"Milton","Norfolk","2008-2012",1057,120
"Needham","Norfolk","2008-2012",1273,140
"Norfolk","Norfolk","2008-2012",801,482
"Norwood","Norfolk","2008-2012",1108,50
"Plainville","Norfolk","2008-2012",981,108
"Quincy","Norfolk","2008-2012",1090,23
"Randolph","Norfolk","2008-2012",1100,77
"Sharon","Norfolk","2008-2012",1208,158
"Stoughton","Norfolk","2008-2012",988,102
"Walpole","Norfolk","2008-2012",1102,65
"Wellesley","Norfolk","2008-2012",1326,185
"Westwood","Norfolk","2008-2012",1201,228
"Weymouth","Norfolk","2008-2012",1047,37
"Wrentham","Norfolk","2008-2012",820,218
"Abington","Plymouth","2005-2009",952,94
"Abington","Plymouth","2006-2010",1022,81
"Abington","Plymouth","2007-2011",1025,92
"Bridgewater","Plymouth","2005-2009",987,58
"Bridgewater","Plymouth","2006-2010",1011,62
"Bridgewater","Plymouth","2007-2011",1062,40
"Brockton","Plymouth","2005-2009",819,26
"Brockton","Plymouth","2006-2010",848,17
"Brockton","Plymouth","2007-2011",874,25
"Carver","Plymouth","2005-2009",645,491
"Carver","Plymouth","2006-2010",782,305
"Carver","Plymouth","2007-2011",1310,414
"Duxbury","Plymouth","2005-2009",884,625
"Duxbury","Plymouth","2006-2010",950,816
"Duxbury","Plymouth","2007-2011",789,135
"East Bridgewater","Plymouth","2005-2009",830,112
"East Bridgewater","Plymouth","2006-2010",806,129
"East Bridgewater","Plymouth","2007-2011",798,104
"Halifax","Plymouth","2005-2009",884,188
"Halifax","Plymouth","2006-2010",1006,320
"Halifax","Plymouth","2007-2011",1011,269
"Hanover","Plymouth","2005-2009",626,168
"Hanover","Plymouth","2006-2010",825,183
"Hanover","Plymouth","2007-2011",867,205
"Hanson","Plymouth","2005-2009",797,91
"Hanson","Plymouth","2006-2010",842,109
"Hanson","Plymouth","2007-2011",831,59
"Hingham","Plymouth","2005-2009",1314,185
"Hingham","Plymouth","2006-2010",1492,155
"Hingham","Plymouth","2007-2011",1601,103
"Hull","Plymouth","2005-2009",1171,131
"Hull","Plymouth","2006-2010",1210,123
"Hull","Plymouth","2007-2011",1261,124
"Kingston","Plymouth","2005-2009",1037,143
"Kingston","Plymouth","2006-2010",1041,134
"Kingston","Plymouth","2007-2011",1085,162
"Lakeville","Plymouth","2005-2009",715,635
"Lakeville","Plymouth","2006-2010",755,522
"Lakeville","Plymouth","2007-2011",877,62
"Marion","Plymouth","2005-2009",1272,148
"Marion","Plymouth","2006-2010",1248,236
"Marion","Plymouth","2007-2011",889,511
"Marshfield","Plymouth","2005-2009",1003,121
"Marshfield","Plymouth","2006-2010",1049,142
"Marshfield","Plymouth","2007-2011",1135,64
"Mattapoisett","Plymouth","2005-2009",954,230
"Mattapoisett","Plymouth","2006-2010",982,194
"Mattapoisett","Plymouth","2007-2011",969,134
"Middleborough","Plymouth","2005-2009",867,43
"Middleborough","Plymouth","2006-2010",869,53
"Middleborough","Plymouth","2007-2011",916,74
"Plymouth County","Plymouth","2005-2009",884,17
"Plymouth County","Plymouth","2006-2010",909,17
"Plymouth County","Plymouth","2007-2011",946,19
"Norwell","Plymouth","2005-2009",1045,422
"Norwell","Plymouth","2006-2010",1105,477
"Norwell","Plymouth","2007-2011",1246,424
"Pembroke","Plymouth","2005-2009",714,295
"Pembroke","Plymouth","2006-2010",978,211
"Pembroke","Plymouth","2007-2011",1070,307
"Plymouth","Plymouth","2005-2009",982,67
"Plymouth","Plymouth","2006-2010",996,70
"Plymouth","Plymouth","2007-2011",1065,54
"Plympton","Plymouth","2005-2009",710,812
"Plympton","Plymouth","2006-2010",1021,985
"Plympton","Plymouth","2007-2011",642,840
"Rochester","Plymouth","2005-2009",632,757
"Rochester","Plymouth","2006-2010",639,1389
"Rochester","Plymouth","2007-2011",1611,1577
"Rockland","Plymouth","2005-2009",932,118
"Rockland","Plymouth","2006-2010",855,51
"Rockland","Plymouth","2007-2011",931,58
"Scituate","Plymouth","2005-2009",865,125
"Scituate","Plymouth","2006-2010",920,186
"Scituate","Plymouth","2007-2011",884,149
"Wareham","Plymouth","2005-2009",730,46
"Wareham","Plymouth","2006-2010",778,87
"Wareham","Plymouth","2007-2011",944,182
"West Bridgewater","Plymouth","2005-2009",730,105
"West Bridgewater","Plymouth","2006-2010",768,136
"West Bridgewater","Plymouth","2007-2011",781,62
"Whitman","Plymouth","2005-2009",796,63
"Whitman","Plymouth","2006-2010",891,87
"Whitman","Plymouth","2007-2011",897,101
"Plymouth County","Plymouth","2008-2012",965,18
"Abington","Plymouth","2008-2012",1022,88
"Bridgewater","Plymouth","2008-2012",1072,47
"Brockton","Plymouth","2008-2012",902,26
"Carver","Plymouth","2008-2012",1300,320
"Duxbury","Plymouth","2008-2012",903,137
"East Bridgewater","Plymouth","2008-2012",814,101
"Halifax","Plymouth","2008-2012",1149,480
"Hanover","Plymouth","2008-2012",792,284
"Hanson","Plymouth","2008-2012",860,101
"Hingham","Plymouth","2008-2012",1641,111
"Hull","Plymouth","2008-2012",1247,132
"Kingston","Plymouth","2008-2012",1183,280
"Lakeville","Plymouth","2008-2012",864,42
"Marion","Plymouth","2008-2012",865,187
"Marshfield","Plymouth","2008-2012",1120,49
"Mattapoisett","Plymouth","2008-2012",974,154
"Middleborough","Plymouth","2008-2012",938,59
"Norwell","Plymouth","2008-2012",1082,627
"Pembroke","Plymouth","2008-2012",1129,238
"Plymouth","Plymouth","2008-2012",1073,47
"Plympton","Plymouth","2008-2012",575,265
"Rochester","Plymouth","2008-2012",1401,658
"Rockland","Plymouth","2008-2012",950,77
"Scituate","Plymouth","2008-2012",873,97
"Wareham","Plymouth","2008-2012",891,128
"West Bridgewater","Plymouth","2008-2012",789,300
"Whitman","Plymouth","2008-2012",897,83
"Boston","Suffolk","2005-2009",1030,15
"Boston","Suffolk","2006-2010",1073,12
"Boston","Suffolk","2007-2011",1107,12
"Chelsea","Suffolk","2005-2009",837,56
"Chelsea","Suffolk","2006-2010",887,37
"Chelsea","Suffolk","2007-2011",944,40
"Suffolk County","Suffolk","2005-2009",1009,13
"Suffolk County","Suffolk","2006-2010",1055,11
"Suffolk County","Suffolk","2007-2011",1090,10
"Revere","Suffolk","2005-2009",929,35
"Revere","Suffolk","2006-2010",997,34
"Revere","Suffolk","2007-2011",1029,35
"Winthrop","Suffolk","2005-2009",1062,46
"Winthrop","Suffolk","2006-2010",1088,63
"Winthrop","Suffolk","2007-2011",1107,55
"Suffolk County","Suffolk","2008-2012",1123,11
"Boston","Suffolk","2008-2012",1139,11
"Chelsea","Suffolk","2008-2012",986,37
"Revere","Suffolk","2008-2012",1049,36
"Winthrop","Suffolk","2008-2012",1140,55
"USA","USA","2005-2009",675,1
"USA","USA","2006-2010",699,1
"USA","USA","2007-2011",722,1
"USA","USA","2008-2012",733,1
"Ashburnham","Worcester","2005-2009",836,339
"Ashburnham","Worcester","2006-2010",880,358
"Ashburnham","Worcester","2007-2011",986,287
"Athol","Worcester","2005-2009",659,64
"Athol","Worcester","2006-2010",637,74
"Athol","Worcester","2007-2011",672,95
"Auburn","Worcester","2005-2009",731,41
"Auburn","Worcester","2006-2010",739,60
"Auburn","Worcester","2007-2011",751,73
"Barre","Worcester","2005-2009",750,116
"Barre","Worcester","2006-2010",738,177
"Barre","Worcester","2007-2011",721,165
"Berlin","Worcester","2005-2009",855,63
"Berlin","Worcester","2006-2010",862,65
"Berlin","Worcester","2007-2011",870,66
"Blackstone","Worcester","2005-2009",665,49
"Blackstone","Worcester","2006-2010",688,71
"Blackstone","Worcester","2007-2011",753,107
"Bolton","Worcester","2005-2009",1332,244
"Bolton","Worcester","2006-2010",1175,653
"Bolton","Worcester","2007-2011",846,693
"Boylston","Worcester","2005-2009",487,117
"Boylston","Worcester","2006-2010",491,225
"Boylston","Worcester","2007-2011",478,111
"Brookfield","Worcester","2005-2009",511,75
"Brookfield","Worcester","2006-2010",516,52
"Brookfield","Worcester","2007-2011",546,67
"Charlton","Worcester","2005-2009",832,64
"Charlton","Worcester","2006-2010",832,90
"Charlton","Worcester","2007-2011",798,97
"Clinton","Worcester","2005-2009",749,65
"Clinton","Worcester","2006-2010",764,49
"Clinton","Worcester","2007-2011",786,52
"Douglas","Worcester","2005-2009",734,132
"Douglas","Worcester","2006-2010",726,40
"Douglas","Worcester","2007-2011",812,157
"Dudley","Worcester","2005-2009",630,68
"Dudley","Worcester","2006-2010",618,66
"Dudley","Worcester","2007-2011",684,108
"East Brookfield","Worcester","2005-2009",865,76
"East Brookfield","Worcester","2006-2010",844,43
"East Brookfield","Worcester","2007-2011",989,85
"Fitchburg","Worcester","2005-2009",664,29
"Fitchburg","Worcester","2006-2010",676,27
"Fitchburg","Worcester","2007-2011",690,28
"Gardner","Worcester","2005-2009",632,24
"Gardner","Worcester","2006-2010",641,24
"Gardner","Worcester","2007-2011",654,29
"Grafton","Worcester","2005-2009",790,41
"Grafton","Worcester","2006-2010",792,50
"Grafton","Worcester","2007-2011",819,48
"Hardwick","Worcester","2005-2009",412,227
"Hardwick","Worcester","2006-2010",314,212
"Hardwick","Worcester","2007-2011",539,120
"Harvard","Worcester","2005-2009",1151,123
"Harvard","Worcester","2006-2010",1212,232
"Harvard","Worcester","2007-2011",1271,261
"Holden","Worcester","2005-2009",796,80
"Holden","Worcester","2006-2010",817,85
"Holden","Worcester","2007-2011",824,58
"Hopedale","Worcester","2005-2009",874,207
"Hopedale","Worcester","2006-2010",988,334
"Hopedale","Worcester","2007-2011",985,154
"Hubbardston","Worcester","2005-2009",707,697
"Hubbardston","Worcester","2006-2010",716,611
"Hubbardston","Worcester","2007-2011",771,521
"Lancaster","Worcester","2005-2009",698,190
"Lancaster","Worcester","2006-2010",704,144
"Lancaster","Worcester","2007-2011",757,136
"Leicester","Worcester","2005-2009",640,99
"Leicester","Worcester","2006-2010",614,120
"Leicester","Worcester","2007-2011",548,134
"Leominster","Worcester","2005-2009",717,41
"Leominster","Worcester","2006-2010",740,34
"Leominster","Worcester","2007-2011",758,25
"Lunenburg","Worcester","2005-2009",642,274
"Lunenburg","Worcester","2006-2010",801,322
"Lunenburg","Worcester","2007-2011",753,237
"Mendon","Worcester","2005-2009",841,173
"Mendon","Worcester","2006-2010",740,367
"Mendon","Worcester","2007-2011",813,173
"Milford","Worcester","2005-2009",867,48
"Milford","Worcester","2006-2010",896,49
"Milford","Worcester","2007-2011",937,61
"Millbury","Worcester","2005-2009",728,77
"Millbury","Worcester","2006-2010",755,91
"Millbury","Worcester","2007-2011",789,73
"Millville","Worcester","2005-2009",809,93
"Millville","Worcester","2006-2010",833,32
"Millville","Worcester","2007-2011",840,35
"Worcester County","Worcester","2005-2009",715,9
"Worcester County","Worcester","2006-2010",735,8
"Worcester County","Worcester","2007-2011",755,7
"New Braintree","Worcester","2005-2009",725,363
"New Braintree","Worcester","2006-2010",813,464
"New Braintree","Worcester","2007-2011",817,469
"North Brookfield","Worcester","2005-2009",647,64
"North Brookfield","Worcester","2006-2010",657,47
"North Brookfield","Worcester","2007-2011",670,103
"Northborough","Worcester","2005-2009",796,91
"Northborough","Worcester","2006-2010",833,115
"Northborough","Worcester","2007-2011",914,120
"Northbridge","Worcester","2005-2009",748,71
"Northbridge","Worcester","2006-2010",719,42
"Northbridge","Worcester","2007-2011",716,36
"Oakham","Worcester","2005-2009",645,439
"Oakham","Worcester","2006-2010",631,348
"Oakham","Worcester","2007-2011",632,152
"Oxford","Worcester","2005-2009",649,32
"Oxford","Worcester","2006-2010",651,48
"Oxford","Worcester","2007-2011",688,53
"Paxton","Worcester","2005-2009",533,136
"Paxton","Worcester","2006-2010",587,219
"Paxton","Worcester","2007-2011",583,17
"Petersham","Worcester","2005-2009",545,235
"Petersham","Worcester","2006-2010",586,150
"Petersham","Worcester","2007-2011",692,173
"Phillipston","Worcester","2005-2009",688,396
"Phillipston","Worcester","2006-2010",713,346
"Phillipston","Worcester","2007-2011",675,138
"Princeton","Worcester","2005-2009",864,40
"Princeton","Worcester","2006-2010",972,564
"Princeton","Worcester","2007-2011",948,184
"Royalston","Worcester","2005-2009",743,32
"Royalston","Worcester","2006-2010",725,349
"Royalston","Worcester","2007-2011",536,37
"Rutland","Worcester","2005-2009",764,194
"Rutland","Worcester","2006-2010",803,95
"Rutland","Worcester","2007-2011",703,290
"Shrewsbury","Worcester","2005-2009",1017,59
"Shrewsbury","Worcester","2006-2010",1038,44
"Shrewsbury","Worcester","2007-2011",1033,49
"Southborough","Worcester","2005-2009",730,198
"Southborough","Worcester","2006-2010",1040,344
"Southborough","Worcester","2007-2011",1082,147
"Southbridge","Worcester","2005-2009",644,24
"Southbridge","Worcester","2006-2010",682,45
"Southbridge","Worcester","2007-2011",701,34
"Spencer","Worcester","2005-2009",638,45
"Spencer","Worcester","2006-2010",678,29
"Spencer","Worcester","2007-2011",684,30
"Sterling","Worcester","2005-2009",849,39
"Sterling","Worcester","2006-2010",835,65
"Sterling","Worcester","2007-2011",856,66
"Sturbridge","Worcester","2005-2009",578,446
"Sturbridge","Worcester","2006-2010",822,122
"Sturbridge","Worcester","2007-2011",636,409
"Sutton","Worcester","2005-2009",683,106
"Sutton","Worcester","2006-2010",726,42
"Sutton","Worcester","2007-2011",740,55
"Templeton","Worcester","2005-2009",596,235
"Templeton","Worcester","2006-2010",639,241
"Templeton","Worcester","2007-2011",728,242
"Upton","Worcester","2005-2009",913,843
"Upton","Worcester","2006-2010",930,218
"Upton","Worcester","2007-2011",894,125
"Uxbridge","Worcester","2005-2009",771,59
"Uxbridge","Worcester","2006-2010",797,64
"Uxbridge","Worcester","2007-2011",837,80
"Warren","Worcester","2005-2009",560,40
"Warren","Worcester","2006-2010",565,30
"Warren","Worcester","2007-2011",584,60
"Webster","Worcester","2005-2009",653,24
"Webster","Worcester","2006-2010",661,23
"Webster","Worcester","2007-2011",667,18
"West Boylston","Worcester","2005-2009",796,131
"West Boylston","Worcester","2006-2010",843,76
"West Boylston","Worcester","2007-2011",858,53
"West Brookfield","Worcester","2005-2009",589,363
"West Brookfield","Worcester","2006-2010",596,248
"West Brookfield","Worcester","2007-2011",736,188
"Westborough","Worcester","2005-2009",1130,53
"Westborough","Worcester","2006-2010",1198,60
"Westborough","Worcester","2007-2011",1263,115
"Westminster","Worcester","2005-2009",747,484
"Westminster","Worcester","2006-2010",723,157
"Westminster","Worcester","2007-2011",784,107
"Winchendon","Worcester","2005-2009",607,96
"Winchendon","Worcester","2006-2010",547,134
"Winchendon","Worcester","2007-2011",607,81
"Worcester","Worcester","2005-2009",716,16
"Worcester","Worcester","2006-2010",739,13
"Worcester","Worcester","2007-2011",763,11
"Worcester County","Worcester","2008-2012",765,9
"Ashburnham","Worcester","2008-2012",1096,280
"Athol","Worcester","2008-2012",573,51
"Auburn","Worcester","2008-2012",763,96
"Barre","Worcester","2008-2012",639,99
"Berlin","Worcester","2008-2012",924,137
"Blackstone","Worcester","2008-2012",760,94
"Bolton","Worcester","2008-2012",905,380
"Boylston","Worcester","2008-2012",906,709
"Brookfield","Worcester","2008-2012",573,85
"Charlton","Worcester","2008-2012",753,150
"Clinton","Worcester","2008-2012",809,42
"Douglas","Worcester","2008-2012",851,157
"Dudley","Worcester","2008-2012",705,82
"East Brookfield","Worcester","2008-2012",924,233
"Fitchburg","Worcester","2008-2012",685,26
"Gardner","Worcester","2008-2012",655,23
"Grafton","Worcester","2008-2012",838,36
"Hardwick","Worcester","2008-2012",553,164
"Harvard","Worcester","2008-2012",1275,352
"Holden","Worcester","2008-2012",726,133
"Hopedale","Worcester","2008-2012",953,122
"Hubbardston","Worcester","2008-2012",792,250
"Lancaster","Worcester","2008-2012",822,196
"Leicester","Worcester","2008-2012",559,116
"Leominster","Worcester","2008-2012",771,17
"Lunenburg","Worcester","2008-2012",760,227
"Mendon","Worcester","2008-2012",741,349
"Milford","Worcester","2008-2012",964,58
"Millbury","Worcester","2008-2012",804,67
"Millville","Worcester","2008-2012",870,47
"New Braintree","Worcester","2008-2012",850,431
"Northborough","Worcester","2008-2012",980,79
"Northbridge","Worcester","2008-2012",738,57
"North Brookfield","Worcester","2008-2012",657,195
"Oakham","Worcester","2008-2012",613,359
"Oxford","Worcester","2008-2012",672,72
"Paxton","Worcester","2008-2012",781,2449
"Petersham","Worcester","2008-2012",625,183
"Phillipston","Worcester","2008-2012",675,111
"Princeton","Worcester","2008-2012",898,75
"Royalston","Worcester","2008-2012",545,323
"Rutland","Worcester","2008-2012",609,215
"Shrewsbury","Worcester","2008-2012",1056,51
"Southborough","Worcester","2008-2012",1135,113
"Southbridge","Worcester","2008-2012",705,26
"Spencer","Worcester","2008-2012",682,38
"Sterling","Worcester","2008-2012",878,81
"Sturbridge","Worcester","2008-2012",641,512
"Sutton","Worcester","2008-2012",773,104
"Templeton","Worcester","2008-2012",795,176
"Upton","Worcester","2008-2012",879,75
"Uxbridge","Worcester","2008-2012",906,127
"Warren","Worcester","2008-2012",598,97
"Webster","Worcester","2008-2012",676,27
"Westborough","Worcester","2008-2012",1259,79
"West Boylston","Worcester","2008-2012",850,41
"West Brookfield","Worcester","2008-2012",747,185
"Westminster","Worcester","2008-2012",855,461
"Winchendon","Worcester","2008-2012",614,61
"Worcester","Worcester","2008-2012",774,17
